,Agriculture,Forestry,Fishery,Mining Oil&Gas,Remainder Mining,Supporting Mining,Food Supplements,Beverages,Tobacco,Textile&Clothing,Wood,Paper,Graphical,Oil,Chemical,Pharmaceutical,Rubber&Plastic,Building Material,Raw Metal,Metal Product,Electrotechnical,Electrical devices,Machines,Car,Remainder Transport,Furniture,Remainder industry,Reparation Machines,Energy,Waterpipes,Sewerage,General Building,Ground&Water Building,Specialized building,Car trade&repair,Wholesale,Retail,Land Transport,Water Transport,Air Transport,Storage for transport,Postal,Lodging,Restaurants,Publishers,"Production of TV, radio & music",Broadcasting,Telecommunication,IT-services,Info services,Banking,Insurers&pensions,Remainder Financial Services,Rental,Exploitation real estate,Legal,Holdings,Architecture,Research,Advertising,Design,Veterinary,Rental of movable property,Employment Agencies,Travel services,Security,Cleaning,Remaining Services,Public services,Education,Healthcare,Caretaking,Creative,Libraries&Archives,Lotteries,Sport,Hobby Associations,Reparation goods,Remainder of Personal Service Provision,Households with personnel
Agriculture,5262.0,15.0,2.0,6.0,0.0,0.0,9213.0,22.0,24.0,86.0,1.0,1.0,1.0,3.0,18.0,0.0,30.0,3.0,5.0,5.0,1.0,0.0,1.0,0.0,0.0,3.0,10.0,4.0,2.0,2.0,5.0,10.0,41.0,87.0,3.0,206.0,29.0,58.0,0.0,0.0,80.0,0.0,29.0,105.0,0.0,1.0,0.0,8.0,2.0,0.0,1.0,1.0,0.0,1.0,18.0,2.0,8.0,0.0,17.0,0.0,0.0,0.0,3.0,1.0,0.0,0.0,85.0,47.0,118.0,17.0,46.0,81.0,2.0,4.0,2.0,8.0,4.0,0.0,17.0,0.0
Forestry,0.0,3.0,0.0,0.0,0.0,0.0,0.0,0.0,0.0,0.0,7.0,1.0,0.0,0.0,4.0,0.0,0.0,0.0,0.0,0.0,0.0,0.0,0.0,0.0,0.0,0.0,0.0,0.0,0.0,0.0,0.0,0.0,0.0,0.0,0.0,0.0,0.0,0.0,0.0,0.0,0.0,0.0,0.0,0.0,0.0,0.0,0.0,0.0,0.0,0.0,0.0,0.0,0.0,0.0,0.0,0.0,0.0,0.0,0.0,0.0,0.0,0.0,0.0,0.0,0.0,0.0,0.0,0.0,0.0,0.0,0.0,0.0,0.0,0.0,0.0,0.0,0.0,0.0,0.0,0.0
Fishery,0.0,0.0,2.0,0.0,0.0,0.0,39.0,0.0,0.0,0.0,0.0,0.0,0.0,0.0,0.0,0.0,0.0,0.0,0.0,0.0,0.0,0.0,0.0,0.0,0.0,0.0,0.0,0.0,0.0,0.0,0.0,0.0,0.0,0.0,0.0,0.0,0.0,0.0,0.0,0.0,0.0,0.0,0.0,0.0,0.0,0.0,0.0,0.0,0.0,0.0,0.0,0.0,0.0,0.0,0.0,0.0,0.0,0.0,0.0,0.0,0.0,0.0,0.0,0.0,0.0,0.0,0.0,0.0,4.0,0.0,1.0,4.0,0.0,0.0,0.0,0.0,0.0,0.0,0.0,0.0
Mining Oil&Gas,185.0,0.0,0.0,159.0,1.0,2.0,172.0,23.0,0.0,4.0,1.0,45.0,3.0,432.0,443.0,11.0,21.0,57.0,60.0,29.0,0.0,0.0,9.0,2.0,6.0,4.0,2.0,9.0,110.0,5.0,10.0,3.0,1.0,8.0,6.0,150.0,22.0,10.0,1.0,0.0,15.0,1.0,26.0,47.0,0.0,1.0,2.0,2.0,5.0,0.0,6.0,3.0,1.0,3.0,12.0,5.0,5.0,3.0,3.0,1.0,2.0,0.0,1.0,2.0,1.0,1.0,3.0,2.0,39.0,40.0,23.0,49.0,5.0,4.0,5.0,21.0,33.0,1.0,6.0,0.0
Remainder Mining,15.0,0.0,0.0,0.0,136.0,7.0,0.0,0.0,0.0,0.0,0.0,0.0,0.0,0.0,87.0,0.0,0.0,124.0,1.0,0.0,0.0,0.0,0.0,0.0,0.0,0.0,0.0,0.0,0.0,0.0,0.0,91.0,111.0,71.0,0.0,4.0,0.0,0.0,0.0,0.0,0.0,0.0,0.0,0.0,0.0,0.0,0.0,0.0,0.0,0.0,0.0,0.0,0.0,0.0,0.0,0.0,6.0,0.0,0.0,0.0,0.0,0.0,0.0,0.0,0.0,0.0,3.0,0.0,6.0,0.0,0.0,0.0,0.0,0.0,0.0,0.0,0.0,0.0,0.0,0.0
Supporting Mining,0.0,0.0,0.0,24.0,0.0,260.0,0.0,0.0,0.0,0.0,0.0,0.0,0.0,0.0,0.0,0.0,0.0,0.0,0.0,0.0,0.0,0.0,0.0,0.0,2.0,0.0,0.0,0.0,0.0,0.0,0.0,0.0,12.0,0.0,0.0,0.0,0.0,0.0,0.0,0.0,0.0,0.0,0.0,0.0,0.0,0.0,0.0,0.0,0.0,0.0,0.0,0.0,0.0,0.0,0.0,0.0,0.0,2.0,0.0,0.0,0.0,0.0,0.0,0.0,0.0,0.0,0.0,0.0,0.0,0.0,0.0,0.0,0.0,0.0,0.0,0.0,0.0,0.0,0.0,0.0
Food Supplements,4123.0,0.0,16.0,0.0,0.0,0.0,7914.0,130.0,1.0,9.0,0.0,32.0,0.0,136.0,220.0,276.0,24.0,1.0,1.0,8.0,1.0,2.0,2.0,1.0,0.0,2.0,1.0,0.0,16.0,0.0,215.0,2.0,0.0,17.0,3.0,229.0,11.0,2.0,0.0,2.0,2.0,1.0,258.0,1322.0,2.0,3.0,1.0,1.0,6.0,1.0,6.0,8.0,6.0,7.0,1.0,4.0,89.0,3.0,11.0,0.0,1.0,0.0,1.0,1.0,3.0,0.0,1.0,1.0,82.0,41.0,218.0,541.0,15.0,28.0,4.0,94.0,1.0,0.0,37.0,0.0
Beverages,2.0,0.0,0.0,0.0,0.0,0.0,29.0,101.0,0.0,0.0,0.0,0.0,0.0,0.0,3.0,0.0,0.0,0.0,0.0,1.0,1.0,0.0,0.0,0.0,2.0,0.0,0.0,0.0,0.0,0.0,0.0,1.0,1.0,0.0,2.0,18.0,4.0,0.0,1.0,0.0,1.0,0.0,20.0,397.0,1.0,0.0,0.0,0.0,3.0,0.0,1.0,4.0,3.0,0.0,0.0,2.0,8.0,1.0,1.0,1.0,0.0,0.0,0.0,2.0,1.0,1.0,0.0,1.0,10.0,19.0,4.0,20.0,6.0,2.0,11.0,247.0,3.0,0.0,12.0,0.0
Tobacco,19.0,0.0,0.0,0.0,0.0,0.0,0.0,0.0,31.0,0.0,0.0,0.0,0.0,0.0,0.0,0.0,0.0,0.0,0.0,0.0,0.0,0.0,0.0,0.0,0.0,0.0,0.0,0.0,0.0,0.0,0.0,0.0,0.0,0.0,0.0,0.0,0.0,0.0,0.0,0.0,0.0,0.0,0.0,0.0,0.0,0.0,0.0,0.0,0.0,0.0,0.0,0.0,0.0,0.0,0.0,0.0,0.0,0.0,0.0,0.0,0.0,0.0,0.0,0.0,0.0,0.0,0.0,0.0,0.0,0.0,0.0,0.0,0.0,0.0,0.0,0.0,0.0,0.0,0.0,0.0
Textile&Clothing,4.0,0.0,2.0,0.0,0.0,0.0,7.0,4.0,0.0,350.0,6.0,7.0,3.0,0.0,7.0,1.0,18.0,8.0,1.0,9.0,0.0,21.0,14.0,5.0,3.0,4.0,5.0,0.0,0.0,0.0,5.0,18.0,16.0,16.0,5.0,23.0,12.0,0.0,2.0,0.0,2.0,0.0,2.0,2.0,5.0,1.0,1.0,8.0,1.0,1.0,0.0,1.0,0.0,1.0,2.0,2.0,34.0,2.0,2.0,0.0,0.0,0.0,2.0,1.0,0.0,10.0,84.0,3.0,15.0,5.0,14.0,18.0,0.0,0.0,0.0,0.0,0.0,3.0,8.0,0.0
Wood,24.0,0.0,0.0,0.0,1.0,0.0,49.0,48.0,1.0,17.0,109.0,10.0,3.0,2.0,36.0,8.0,25.0,29.0,2.0,33.0,5.0,2.0,10.0,0.0,2.0,21.0,28.0,0.0,2.0,0.0,0.0,740.0,36.0,130.0,0.0,18.0,49.0,7.0,0.0,0.0,35.0,0.0,7.0,2.0,2.0,1.0,1.0,1.0,0.0,2.0,2.0,2.0,2.0,80.0,183.0,2.0,3.0,0.0,8.0,6.0,2.0,2.0,1.0,2.0,0.0,1.0,0.0,122.0,16.0,3.0,0.0,0.0,1.0,3.0,0.0,1.0,0.0,0.0,55.0,0.0
Paper,10.0,0.0,2.0,7.0,0.0,8.0,488.0,128.0,7.0,11.0,2.0,645.0,125.0,1.0,38.0,57.0,77.0,27.0,18.0,33.0,25.0,3.0,73.0,2.0,5.0,22.0,20.0,3.0,3.0,1.0,3.0,9.0,1.0,18.0,4.0,29.0,34.0,7.0,7.0,4.0,11.0,0.0,4.0,17.0,88.0,2.0,2.0,5.0,10.0,3.0,7.0,6.0,4.0,0.0,20.0,10.0,11.0,3.0,7.0,14.0,6.0,0.0,6.0,5.0,1.0,0.0,56.0,148.0,32.0,27.0,56.0,43.0,9.0,4.0,0.0,3.0,10.0,6.0,4.0,0.0
Graphical,8.0,0.0,1.0,0.0,1.0,2.0,90.0,40.0,2.0,4.0,3.0,17.0,97.0,0.0,38.0,1.0,17.0,8.0,13.0,13.0,21.0,15.0,24.0,11.0,4.0,1.0,8.0,9.0,7.0,1.0,9.0,21.0,12.0,42.0,65.0,237.0,127.0,26.0,10.0,4.0,13.0,5.0,36.0,66.0,563.0,24.0,11.0,101.0,106.0,19.0,148.0,33.0,32.0,0.0,32.0,41.0,195.0,17.0,12.0,234.0,11.0,1.0,23.0,31.0,64.0,2.0,12.0,26.0,67.0,59.0,34.0,43.0,20.0,20.0,5.0,8.0,10.0,1.0,5.0,0.0
Oil,73.0,0.0,20.0,9.0,2.0,6.0,23.0,5.0,0.0,1.0,1.0,0.0,1.0,944.0,997.0,14.0,0.0,6.0,9.0,8.0,0.0,6.0,4.0,1.0,9.0,4.0,4.0,6.0,60.0,1.0,8.0,25.0,82.0,64.0,16.0,125.0,38.0,130.0,182.0,471.0,44.0,4.0,2.0,8.0,0.0,2.0,0.0,1.0,15.0,2.0,21.0,17.0,9.0,0.0,20.0,8.0,37.0,22.0,2.0,11.0,2.0,0.0,61.0,20.0,1.0,0.0,9.0,2.0,28.0,44.0,7.0,8.0,5.0,3.0,1.0,20.0,13.0,2.0,9.0,0.0
Chemical,178.0,0.0,0.0,6.0,15.0,0.0,170.0,10.0,70.0,107.0,14.0,204.0,77.0,257.0,7825.0,46.0,1170.0,58.0,47.0,71.0,25.0,41.0,38.0,32.0,20.0,247.0,126.0,21.0,7.0,35.0,8.0,88.0,17.0,234.0,16.0,192.0,2.0,12.0,4.0,0.0,2.0,0.0,2.0,5.0,25.0,8.0,5.0,0.0,0.0,0.0,0.0,0.0,0.0,11.0,61.0,0.0,21.0,3.0,129.0,3.0,4.0,0.0,0.0,0.0,0.0,0.0,49.0,0.0,28.0,36.0,30.0,8.0,9.0,3.0,1.0,4.0,0.0,5.0,26.0,0.0
Pharmaceutical,34.0,0.0,0.0,0.0,0.0,0.0,9.0,1.0,7.0,3.0,0.0,5.0,1.0,0.0,84.0,194.0,8.0,0.0,0.0,0.0,5.0,0.0,0.0,7.0,0.0,0.0,7.0,0.0,0.0,0.0,0.0,0.0,3.0,10.0,0.0,11.0,22.0,0.0,0.0,0.0,0.0,0.0,0.0,0.0,0.0,0.0,0.0,0.0,0.0,0.0,0.0,0.0,0.0,0.0,0.0,0.0,11.0,0.0,8.0,0.0,0.0,4.0,0.0,2.0,0.0,0.0,2.0,0.0,4.0,3.0,244.0,12.0,0.0,0.0,0.0,0.0,0.0,0.0,2.0,0.0
Rubber&Plastic,46.0,0.0,0.0,6.0,2.0,17.0,291.0,40.0,12.0,8.0,111.0,126.0,10.0,7.0,162.0,32.0,254.0,152.0,18.0,97.0,10.0,39.0,113.0,178.0,35.0,56.0,84.0,23.0,2.0,0.0,6.0,196.0,64.0,485.0,12.0,45.0,27.0,20.0,1.0,3.0,13.0,2.0,4.0,9.0,29.0,4.0,2.0,6.0,9.0,1.0,3.0,4.0,3.0,32.0,87.0,10.0,25.0,1.0,11.0,4.0,7.0,0.0,0.0,3.0,0.0,0.0,18.0,12.0,6.0,11.0,16.0,38.0,5.0,4.0,0.0,4.0,6.0,25.0,13.0,0.0
Building Material,9.0,0.0,0.0,0.0,0.0,0.0,27.0,65.0,5.0,0.0,1.0,1.0,0.0,0.0,9.0,10.0,5.0,224.0,7.0,26.0,12.0,5.0,8.0,3.0,0.0,5.0,12.0,2.0,7.0,0.0,5.0,1731.0,461.0,659.0,2.0,18.0,0.0,0.0,0.0,0.0,0.0,0.0,4.0,7.0,0.0,3.0,3.0,0.0,0.0,0.0,0.0,0.0,0.0,55.0,95.0,0.0,5.0,0.0,0.0,0.0,0.0,0.0,0.0,0.0,0.0,0.0,67.0,0.0,22.0,19.0,12.0,0.0,8.0,4.0,0.0,4.0,0.0,0.0,11.0,0.0
Raw Metal,2.0,0.0,0.0,0.0,0.0,0.0,10.0,0.0,0.0,4.0,0.0,2.0,0.0,0.0,54.0,0.0,5.0,21.0,17.0,1127.0,13.0,11.0,149.0,71.0,50.0,14.0,4.0,14.0,24.0,0.0,33.0,102.0,118.0,111.0,40.0,10.0,0.0,2.0,0.0,0.0,0.0,0.0,1.0,0.0,0.0,0.0,0.0,0.0,0.0,0.0,0.0,0.0,0.0,0.0,55.0,0.0,4.0,4.0,0.0,0.0,0.0,0.0,0.0,0.0,0.0,0.0,4.0,0.0,0.0,2.0,0.0,0.0,0.0,0.0,0.0,0.0,0.0,2.0,0.0,0.0
Metal Product,37.0,2.0,0.0,16.0,7.0,9.0,318.0,55.0,2.0,2.0,59.0,6.0,5.0,2.0,114.0,5.0,22.0,12.0,31.0,3157.0,47.0,7.0,1450.0,333.0,396.0,35.0,23.0,1378.0,43.0,2.0,129.0,1677.0,756.0,1421.0,30.0,353.0,5.0,16.0,2.0,0.0,10.0,0.0,3.0,3.0,18.0,1.0,0.0,2.0,7.0,7.0,0.0,0.0,0.0,7.0,79.0,7.0,55.0,295.0,0.0,4.0,1.0,1.0,2.0,2.0,0.0,0.0,21.0,1.0,264.0,17.0,20.0,18.0,2.0,0.0,2.0,0.0,0.0,0.0,11.0,0.0
Electrotechnical,8.0,0.0,0.0,14.0,3.0,4.0,33.0,3.0,9.0,2.0,1.0,4.0,3.0,5.0,29.0,3.0,4.0,11.0,47.0,25.0,183.0,33.0,53.0,16.0,34.0,4.0,11.0,25.0,12.0,0.0,15.0,46.0,9.0,74.0,7.0,53.0,29.0,15.0,2.0,0.0,32.0,1.0,9.0,12.0,1.0,3.0,2.0,283.0,28.0,0.0,4.0,3.0,10.0,3.0,11.0,16.0,151.0,3.0,4.0,1.0,6.0,0.0,1.0,1.0,0.0,39.0,1.0,6.0,24.0,18.0,341.0,7.0,0.0,0.0,0.0,2.0,0.0,8.0,2.0,0.0
Electrical devices,5.0,0.0,0.0,5.0,4.0,23.0,11.0,6.0,18.0,0.0,0.0,2.0,3.0,1.0,12.0,2.0,8.0,3.0,6.0,20.0,22.0,84.0,26.0,53.0,44.0,2.0,6.0,51.0,2.0,0.0,7.0,126.0,10.0,166.0,0.0,36.0,20.0,9.0,2.0,0.0,20.0,0.0,6.0,10.0,0.0,0.0,0.0,50.0,14.0,0.0,8.0,4.0,0.0,2.0,43.0,14.0,469.0,146.0,8.0,0.0,4.0,0.0,0.0,1.0,0.0,1.0,5.0,2.0,14.0,9.0,12.0,7.0,0.0,0.0,0.0,12.0,0.0,3.0,2.0,0.0
Machines,318.0,12.0,5.0,27.0,12.0,19.0,165.0,17.0,3.0,11.0,29.0,30.0,12.0,30.0,181.0,18.0,74.0,38.0,123.0,242.0,25.0,34.0,1484.0,212.0,101.0,18.0,21.0,206.0,83.0,6.0,63.0,289.0,57.0,263.0,114.0,254.0,134.0,54.0,16.0,0.0,63.0,4.0,11.0,11.0,18.0,0.0,0.0,36.0,0.0,0.0,1.0,0.0,0.0,0.0,24.0,0.0,47.0,87.0,11.0,5.0,9.0,0.0,92.0,6.0,5.0,0.0,20.0,6.0,121.0,7.0,12.0,4.0,2.0,0.0,0.0,4.0,0.0,0.0,9.0,0.0
Car,4.0,0.0,0.0,0.0,0.0,2.0,0.0,0.0,0.0,0.0,0.0,0.0,0.0,0.0,0.0,0.0,0.0,0.0,0.0,4.0,0.0,0.0,3.0,1042.0,8.0,0.0,0.0,0.0,0.0,0.0,1.0,8.0,0.0,4.0,248.0,7.0,3.0,6.0,0.0,0.0,2.0,0.0,0.0,2.0,0.0,0.0,0.0,0.0,2.0,0.0,0.0,1.0,0.0,0.0,0.0,1.0,7.0,4.0,0.0,0.0,0.0,0.0,0.0,0.0,0.0,0.0,0.0,0.0,0.0,0.0,0.0,0.0,0.0,0.0,0.0,0.0,0.0,0.0,0.0,0.0
Remainder Transport,0.0,0.0,0.0,0.0,0.0,0.0,0.0,0.0,0.0,0.0,0.0,0.0,0.0,0.0,0.0,0.0,0.0,0.0,3.0,0.0,28.0,0.0,3.0,0.0,360.0,0.0,0.0,28.0,0.0,0.0,0.0,0.0,2.0,3.0,6.0,13.0,4.0,31.0,9.0,0.0,0.0,0.0,0.0,0.0,0.0,0.0,0.0,22.0,0.0,0.0,0.0,0.0,0.0,0.0,0.0,0.0,0.0,0.0,0.0,0.0,0.0,0.0,0.0,0.0,0.0,0.0,0.0,0.0,25.0,0.0,0.0,0.0,0.0,0.0,0.0,0.0,0.0,3.0,0.0,0.0
Furniture,2.0,0.0,0.0,1.0,0.0,2.0,5.0,2.0,0.0,0.0,36.0,1.0,1.0,0.0,3.0,1.0,1.0,1.0,1.0,2.0,1.0,1.0,1.0,5.0,11.0,149.0,4.0,12.0,5.0,0.0,1.0,51.0,1.0,1.0,1.0,23.0,63.0,5.0,1.0,1.0,4.0,0.0,6.0,13.0,0.0,2.0,1.0,1.0,1.0,0.0,0.0,0.0,0.0,17.0,2.0,2.0,1.0,0.0,0.0,1.0,0.0,0.0,2.0,1.0,0.0,0.0,0.0,1.0,4.0,6.0,1.0,2.0,0.0,0.0,1.0,0.0,0.0,5.0,1.0,0.0
Remainder industry,74.0,17.0,0.0,0.0,0.0,0.0,2.0,0.0,2.0,10.0,4.0,6.0,4.0,0.0,3.0,0.0,0.0,0.0,0.0,5.0,6.0,6.0,13.0,3.0,6.0,4.0,185.0,8.0,0.0,0.0,9.0,14.0,9.0,13.0,3.0,74.0,21.0,3.0,0.0,0.0,7.0,4.0,10.0,14.0,0.0,4.0,0.0,4.0,4.0,0.0,0.0,0.0,0.0,6.0,24.0,0.0,1.0,2.0,5.0,9.0,2.0,0.0,0.0,14.0,0.0,6.0,18.0,11.0,291.0,39.0,12.0,20.0,7.0,7.0,0.0,13.0,0.0,0.0,12.0,0.0
Reparation Machines,321.0,9.0,8.0,122.0,14.0,34.0,274.0,28.0,2.0,8.0,10.0,51.0,24.0,49.0,312.0,26.0,45.0,59.0,250.0,147.0,34.0,57.0,327.0,18.0,927.0,8.0,8.0,333.0,126.0,6.0,100.0,119.0,95.0,262.0,0.0,204.0,143.0,97.0,71.0,832.0,99.0,1.0,32.0,113.0,5.0,0.0,0.0,31.0,104.0,7.0,4.0,4.0,5.0,0.0,75.0,23.0,183.0,54.0,22.0,7.0,3.0,1.0,116.0,9.0,0.0,32.0,26.0,11.0,248.0,5.0,12.0,6.0,1.0,1.0,1.0,3.0,0.0,3.0,17.0,0.0
Energy,270.0,5.0,3.0,1190.0,18.0,8.0,201.0,9.0,132.0,10.0,7.0,37.0,13.0,109.0,654.0,7.0,71.0,62.0,149.0,92.0,15.0,29.0,62.0,19.0,15.0,23.0,20.0,20.0,2067.0,34.0,75.0,22.0,14.0,36.0,99.0,335.0,471.0,134.0,6.0,3.0,105.0,8.0,88.0,175.0,9.0,10.0,3.0,67.0,41.0,17.0,28.0,26.0,14.0,35.0,126.0,37.0,56.0,25.0,20.0,16.0,11.0,4.0,13.0,14.0,7.0,1.0,19.0,23.0,230.0,147.0,104.0,135.0,45.0,31.0,41.0,105.0,69.0,5.0,60.0,0.0
Waterpipes,36.0,0.0,0.0,5.0,13.0,19.0,66.0,5.0,18.0,0.0,3.0,2.0,1.0,6.0,38.0,10.0,7.0,6.0,37.0,4.0,4.0,1.0,5.0,3.0,0.0,1.0,3.0,3.0,13.0,11.0,25.0,3.0,2.0,9.0,4.0,17.0,11.0,4.0,1.0,0.0,2.0,1.0,18.0,8.0,1.0,1.0,0.0,1.0,1.0,5.0,6.0,6.0,5.0,0.0,11.0,7.0,17.0,2.0,2.0,3.0,1.0,1.0,0.0,2.0,0.0,2.0,1.0,2.0,41.0,13.0,19.0,22.0,7.0,1.0,0.0,13.0,8.0,1.0,9.0,0.0
Sewerage,376.0,0.0,2.0,6.0,12.0,1.0,207.0,8.0,4.0,2.0,1.0,22.0,9.0,13.0,302.0,2.0,131.0,117.0,443.0,302.0,17.0,22.0,17.0,5.0,2.0,3.0,6.0,6.0,19.0,3.0,1759.0,92.0,121.0,89.0,15.0,137.0,38.0,9.0,3.0,1.0,14.0,9.0,18.0,22.0,3.0,4.0,3.0,18.0,16.0,1.0,12.0,17.0,20.0,2.0,44.0,15.0,194.0,11.0,7.0,3.0,2.0,0.0,2.0,6.0,3.0,0.0,3.0,8.0,987.0,46.0,105.0,56.0,8.0,9.0,4.0,31.0,10.0,0.0,3.0,0.0
General Building,115.0,0.0,2.0,0.0,0.0,0.0,0.0,0.0,0.0,0.0,0.0,0.0,0.0,0.0,4.0,1.0,1.0,0.0,0.0,8.0,0.0,0.0,10.0,1.0,2.0,0.0,2.0,11.0,10.0,12.0,11.0,4237.0,653.0,475.0,6.0,87.0,20.0,7.0,2.0,1.0,63.0,2.0,12.0,12.0,0.0,1.0,0.0,48.0,8.0,0.0,5.0,4.0,3.0,2206.0,1773.0,25.0,196.0,413.0,2.0,1.0,2.0,0.0,0.0,1.0,0.0,0.0,1.0,1.0,275.0,303.0,94.0,166.0,3.0,1.0,6.0,26.0,12.0,0.0,3.0,0.0
Ground&Water Building,6.0,6.0,1.0,1.0,3.0,270.0,0.0,0.0,0.0,0.0,0.0,0.0,0.0,9.0,9.0,0.0,2.0,0.0,0.0,22.0,0.0,0.0,13.0,4.0,3.0,7.0,3.0,12.0,989.0,33.0,4.0,1114.0,827.0,713.0,3.0,86.0,13.0,57.0,0.0,0.0,373.0,0.0,6.0,17.0,0.0,0.0,1.0,226.0,0.0,0.0,0.0,0.0,0.0,27.0,55.0,0.0,4.0,123.0,5.0,0.0,0.0,0.0,0.0,0.0,0.0,1.0,0.0,0.0,1754.0,12.0,5.0,22.0,0.0,1.0,0.0,6.0,0.0,0.0,0.0,0.0
Specialized building,240.0,5.0,1.0,10.0,1.0,4.0,76.0,7.0,2.0,7.0,3.0,13.0,10.0,6.0,99.0,11.0,15.0,10.0,34.0,32.0,5.0,2.0,27.0,12.0,42.0,3.0,10.0,10.0,58.0,12.0,29.0,8006.0,3221.0,4682.0,18.0,140.0,125.0,70.0,15.0,8.0,212.0,6.0,24.0,36.0,4.0,4.0,1.0,288.0,32.0,2.0,17.0,19.0,11.0,3038.0,2504.0,15.0,248.0,94.0,34.0,9.0,5.0,1.0,23.0,15.0,0.0,3.0,21.0,11.0,756.0,403.0,148.0,239.0,22.0,7.0,20.0,59.0,27.0,2.0,15.0,0.0
Car trade&repair,66.0,5.0,0.0,7.0,3.0,7.0,80.0,4.0,0.0,5.0,9.0,3.0,7.0,2.0,18.0,2.0,8.0,17.0,12.0,45.0,5.0,8.0,30.0,41.0,5.0,18.0,12.0,25.0,3.0,5.0,95.0,69.0,44.0,194.0,2530.0,421.0,123.0,679.0,0.0,0.0,74.0,35.0,5.0,31.0,6.0,8.0,2.0,36.0,51.0,8.0,48.0,57.0,35.0,0.0,51.0,52.0,249.0,56.0,6.0,36.0,24.0,2.0,1148.0,23.0,3.0,20.0,65.0,13.0,128.0,88.0,77.0,55.0,25.0,13.0,3.0,41.0,37.0,4.0,16.0,0.0
Wholesale,228.0,6.0,3.0,25.0,10.0,28.0,631.0,83.0,23.0,31.0,27.0,198.0,59.0,48.0,452.0,69.0,124.0,76.0,399.0,139.0,114.0,138.0,361.0,66.0,57.0,30.0,33.0,57.0,111.0,5.0,315.0,151.0,73.0,224.0,81.0,3618.0,557.0,122.0,31.0,26.0,135.0,65.0,47.0,108.0,59.0,31.0,14.0,148.0,590.0,120.0,35.0,32.0,48.0,0.0,129.0,167.0,327.0,190.0,35.0,53.0,74.0,2.0,120.0,67.0,32.0,12.0,45.0,36.0,235.0,33.0,57.0,57.0,18.0,13.0,5.0,21.0,27.0,9.0,20.0,0.0
Retail,5.0,0.0,0.0,0.0,1.0,0.0,10.0,2.0,0.0,1.0,2.0,3.0,2.0,0.0,11.0,0.0,6.0,4.0,3.0,3.0,6.0,7.0,4.0,2.0,0.0,1.0,0.0,4.0,1.0,0.0,3.0,0.0,4.0,15.0,8.0,48.0,919.0,12.0,2.0,0.0,7.0,8.0,3.0,6.0,0.0,0.0,0.0,173.0,4.0,0.0,5.0,3.0,3.0,0.0,11.0,6.0,25.0,8.0,0.0,5.0,30.0,0.0,17.0,0.0,0.0,0.0,9.0,0.0,10.0,7.0,6.0,0.0,5.0,5.0,3.0,6.0,4.0,0.0,1.0,0.0
Land Transport,86.0,0.0,2.0,15.0,5.0,3.0,62.0,12.0,2.0,8.0,3.0,9.0,13.0,125.0,67.0,5.0,14.0,9.0,16.0,37.0,40.0,32.0,30.0,15.0,9.0,4.0,2.0,2.0,10.0,0.0,400.0,19.0,24.0,33.0,115.0,983.0,157.0,5803.0,28.0,23.0,217.0,7.0,7.0,11.0,13.0,18.0,7.0,29.0,34.0,4.0,17.0,34.0,20.0,0.0,11.0,12.0,146.0,11.0,5.0,8.0,6.0,0.0,18.0,16.0,309.0,1.0,3.0,4.0,231.0,60.0,119.0,143.0,11.0,6.0,1.0,18.0,40.0,0.0,6.0,0.0
Water Transport,0.0,0.0,0.0,0.0,0.0,0.0,0.0,0.0,0.0,0.0,0.0,0.0,0.0,0.0,0.0,0.0,0.0,0.0,0.0,0.0,0.0,0.0,2.0,0.0,7.0,0.0,0.0,0.0,0.0,0.0,0.0,0.0,0.0,0.0,0.0,224.0,0.0,142.0,625.0,0.0,79.0,0.0,0.0,0.0,0.0,0.0,0.0,0.0,0.0,0.0,0.0,0.0,0.0,0.0,0.0,0.0,0.0,0.0,0.0,0.0,0.0,0.0,0.0,0.0,32.0,0.0,0.0,0.0,0.0,0.0,0.0,0.0,0.0,0.0,0.0,0.0,0.0,0.0,0.0,0.0
Air Transport,10.0,2.0,0.0,0.0,0.0,0.0,7.0,1.0,0.0,1.0,0.0,0.0,1.0,0.0,3.0,1.0,0.0,1.0,0.0,1.0,7.0,1.0,1.0,0.0,2.0,0.0,1.0,824.0,2.0,1.0,0.0,1.0,0.0,2.0,3.0,19.0,8.0,2.0,0.0,118.0,53.0,10.0,2.0,2.0,0.0,1.0,1.0,16.0,4.0,1.0,5.0,4.0,0.0,0.0,8.0,3.0,79.0,2.0,1.0,1.0,0.0,0.0,0.0,1.0,693.0,0.0,0.0,1.0,27.0,20.0,46.0,22.0,2.0,1.0,4.0,2.0,3.0,0.0,1.0,0.0
Storage for transport,60.0,0.0,9.0,46.0,0.0,2.0,54.0,3.0,2.0,4.0,1.0,0.0,2.0,418.0,219.0,0.0,2.0,4.0,4.0,3.0,10.0,1.0,2.0,2.0,7.0,0.0,2.0,3.0,40.0,0.0,6.0,7.0,4.0,15.0,66.0,633.0,61.0,612.0,360.0,508.0,4111.0,11.0,4.0,5.0,3.0,2.0,1.0,22.0,28.0,2.0,8.0,17.0,13.0,0.0,4.0,4.0,67.0,6.0,0.0,7.0,7.0,1.0,6.0,7.0,0.0,1.0,1.0,60.0,211.0,7.0,3.0,6.0,5.0,2.0,0.0,0.0,0.0,1.0,7.0,0.0
Postal,26.0,0.0,2.0,1.0,0.0,1.0,19.0,1.0,0.0,1.0,2.0,3.0,5.0,3.0,7.0,3.0,4.0,5.0,3.0,14.0,6.0,2.0,15.0,5.0,4.0,3.0,6.0,8.0,19.0,3.0,3.0,21.0,9.0,38.0,27.0,262.0,166.0,113.0,5.0,2.0,34.0,883.0,13.0,24.0,50.0,8.0,4.0,66.0,31.0,6.0,61.0,25.0,18.0,0.0,110.0,35.0,57.0,19.0,5.0,14.0,13.0,2.0,10.0,15.0,4.0,8.0,9.0,7.0,384.0,122.0,91.0,148.0,22.0,13.0,6.0,16.0,28.0,2.0,10.0,0.0
Lodging,2.0,0.0,0.0,3.0,1.0,2.0,28.0,4.0,1.0,2.0,2.0,3.0,3.0,3.0,11.0,2.0,5.0,4.0,5.0,12.0,10.0,8.0,19.0,4.0,4.0,2.0,5.0,6.0,7.0,1.0,5.0,11.0,7.0,22.0,23.0,153.0,55.0,30.0,8.0,20.0,11.0,3.0,143.0,53.0,12.0,12.0,6.0,21.0,52.0,4.0,34.0,33.0,26.0,0.0,15.0,42.0,104.0,26.0,8.0,6.0,4.0,2.0,6.0,56.0,54.0,4.0,17.0,5.0,67.0,46.0,59.0,41.0,11.0,5.0,0.0,10.0,9.0,1.0,5.0,0.0
Restaurants,5.0,1.0,0.0,7.0,1.0,1.0,74.0,15.0,4.0,4.0,2.0,3.0,6.0,6.0,33.0,5.0,10.0,6.0,9.0,16.0,24.0,25.0,20.0,8.0,11.0,3.0,11.0,5.0,17.0,2.0,8.0,16.0,7.0,34.0,26.0,252.0,48.0,48.0,10.0,359.0,43.0,4.0,16.0,68.0,11.0,19.0,11.0,23.0,65.0,8.0,41.0,43.0,32.0,0.0,19.0,44.0,162.0,23.0,16.0,9.0,16.0,1.0,17.0,18.0,34.0,9.0,72.0,10.0,134.0,32.0,416.0,294.0,9.0,5.0,7.0,58.0,28.0,1.0,8.0,0.0
Publishers,2.0,0.0,0.0,2.0,1.0,1.0,25.0,3.0,0.0,3.0,4.0,8.0,15.0,1.0,16.0,4.0,7.0,2.0,6.0,16.0,7.0,1.0,15.0,6.0,12.0,6.0,9.0,10.0,9.0,1.0,9.0,18.0,7.0,29.0,26.0,192.0,67.0,26.0,4.0,1.0,31.0,0.0,13.0,41.0,359.0,13.0,7.0,22.0,95.0,5.0,50.0,31.0,22.0,0.0,47.0,40.0,78.0,18.0,28.0,259.0,9.0,0.0,11.0,25.0,10.0,2.0,9.0,12.0,264.0,405.0,185.0,96.0,6.0,19.0,1.0,3.0,14.0,1.0,7.0,0.0
"Production of TV, radio & music",0.0,0.0,0.0,0.0,0.0,0.0,1.0,1.0,0.0,0.0,0.0,0.0,1.0,0.0,1.0,0.0,1.0,0.0,1.0,1.0,1.0,3.0,2.0,0.0,0.0,0.0,0.0,1.0,1.0,0.0,0.0,3.0,0.0,5.0,7.0,21.0,16.0,0.0,0.0,1.0,2.0,1.0,1.0,5.0,29.0,263.0,162.0,3.0,6.0,0.0,8.0,3.0,2.0,0.0,8.0,5.0,10.0,7.0,3.0,845.0,3.0,0.0,27.0,4.0,1.0,0.0,2.0,3.0,46.0,2.0,6.0,3.0,1.0,3.0,2.0,2.0,2.0,0.0,3.0,0.0
Broadcasting,4.0,0.0,0.0,0.0,0.0,0.0,40.0,8.0,4.0,4.0,0.0,4.0,4.0,0.0,5.0,4.0,6.0,3.0,5.0,8.0,7.0,10.0,8.0,0.0,0.0,4.0,7.0,5.0,4.0,0.0,2.0,10.0,0.0,16.0,24.0,63.0,56.0,5.0,0.0,4.0,7.0,4.0,5.0,14.0,24.0,70.0,50.0,11.0,24.0,6.0,20.0,14.0,10.0,0.0,29.0,18.0,32.0,14.0,10.0,313.0,8.0,0.0,14.0,17.0,5.0,0.0,6.0,11.0,24.0,11.0,6.0,8.0,7.0,5.0,5.0,7.0,9.0,0.0,8.0,0.0
Telecommunication,69.0,0.0,4.0,2.0,4.0,4.0,51.0,5.0,1.0,6.0,7.0,10.0,17.0,4.0,24.0,6.0,14.0,12.0,6.0,32.0,23.0,6.0,43.0,9.0,9.0,14.0,17.0,22.0,40.0,10.0,17.0,83.0,31.0,150.0,75.0,465.0,215.0,63.0,18.0,16.0,91.0,16.0,27.0,69.0,47.0,12.0,5.0,114.0,78.0,9.0,402.0,90.0,58.0,5.0,289.0,120.0,563.0,91.0,15.0,45.0,44.0,6.0,25.0,45.0,14.0,13.0,31.0,30.0,218.0,149.0,243.0,176.0,60.0,59.0,29.0,108.0,84.0,6.0,31.0,0.0
IT-services,57.0,1.0,3.0,14.0,3.0,13.0,96.0,16.0,4.0,3.0,4.0,27.0,22.0,14.0,296.0,20.0,19.0,16.0,27.0,44.0,68.0,19.0,56.0,10.0,23.0,8.0,17.0,34.0,75.0,16.0,26.0,91.0,103.0,160.0,89.0,1832.0,204.0,66.0,113.0,52.0,122.0,22.0,63.0,106.0,104.0,60.0,55.0,531.0,5134.0,651.0,322.0,167.0,91.0,0.0,191.0,183.0,810.0,404.0,115.0,46.0,50.0,7.0,87.0,245.0,24.0,37.0,55.0,47.0,1086.0,283.0,115.0,116.0,47.0,27.0,2.0,45.0,51.0,30.0,21.0,0.0
Info services,13.0,0.0,0.0,1.0,1.0,5.0,33.0,3.0,3.0,4.0,0.0,5.0,7.0,0.0,44.0,5.0,10.0,4.0,6.0,15.0,27.0,17.0,15.0,4.0,2.0,5.0,1.0,5.0,16.0,6.0,5.0,21.0,6.0,17.0,28.0,137.0,54.0,16.0,4.0,25.0,15.0,6.0,3.0,24.0,36.0,26.0,18.0,57.0,520.0,82.0,146.0,69.0,21.0,0.0,41.0,34.0,143.0,26.0,1.0,30.0,15.0,0.0,25.0,16.0,12.0,13.0,1.0,23.0,131.0,19.0,20.0,11.0,3.0,1.0,3.0,7.0,27.0,5.0,11.0,0.0
Banking,151.0,1.0,4.0,138.0,11.0,56.0,547.0,45.0,10.0,28.0,26.0,71.0,47.0,241.0,434.0,47.0,71.0,60.0,62.0,187.0,344.0,104.0,238.0,65.0,84.0,29.0,59.0,82.0,186.0,20.0,105.0,276.0,129.0,310.0,195.0,1244.0,369.0,233.0,77.0,94.0,215.0,83.0,83.0,146.0,54.0,58.0,18.0,159.0,329.0,31.0,3273.0,3019.0,536.0,23121.0,437.0,170.0,1518.0,133.0,61.0,101.0,41.0,5.0,138.0,253.0,98.0,14.0,89.0,43.0,1603.0,170.0,420.0,418.0,55.0,15.0,20.0,90.0,283.0,10.0,49.0,0.0
Insurers&pensions,113.0,0.0,3.0,2.0,0.0,2.0,42.0,7.0,0.0,6.0,5.0,5.0,8.0,3.0,16.0,5.0,10.0,9.0,2.0,18.0,13.0,9.0,17.0,4.0,5.0,9.0,6.0,14.0,17.0,1.0,24.0,24.0,17.0,61.0,46.0,310.0,119.0,79.0,10.0,7.0,31.0,3.0,24.0,20.0,6.0,9.0,1.0,12.0,54.0,10.0,118.0,378.0,31.0,109.0,129.0,38.0,88.0,44.0,15.0,16.0,10.0,3.0,118.0,31.0,7.0,10.0,12.0,9.0,-465.0,16.0,9.0,8.0,1.0,1.0,0.0,7.0,2.0,4.0,20.0,0.0
Remainder Financial Services,10.0,0.0,0.0,1.0,0.0,1.0,23.0,1.0,0.0,1.0,2.0,5.0,1.0,1.0,22.0,0.0,5.0,1.0,3.0,2.0,9.0,11.0,6.0,4.0,3.0,1.0,2.0,1.0,5.0,2.0,0.0,2.0,3.0,4.0,2.0,45.0,15.0,8.0,3.0,0.0,7.0,10.0,4.0,9.0,2.0,3.0,0.0,4.0,4.0,2.0,1615.0,3080.0,0.0,68.0,11.0,8.0,88.0,5.0,4.0,0.0,2.0,2.0,29.0,4.0,2.0,1.0,2.0,2.0,78.0,30.0,58.0,51.0,1.0,1.0,2.0,0.0,17.0,0.0,9.0,0.0
Rental,0.0,0.0,0.0,0.0,0.0,0.0,0.0,0.0,0.0,0.0,0.0,0.0,0.0,0.0,0.0,0.0,0.0,0.0,0.0,0.0,0.0,0.0,0.0,0.0,0.0,0.0,0.0,0.0,0.0,0.0,0.0,0.0,0.0,0.0,0.0,0.0,0.0,0.0,0.0,0.0,0.0,0.0,0.0,0.0,0.0,0.0,0.0,0.0,0.0,0.0,0.0,0.0,0.0,0.0,0.0,0.0,0.0,0.0,0.0,0.0,0.0,0.0,0.0,0.0,0.0,0.0,0.0,0.0,0.0,0.0,0.0,0.0,0.0,0.0,0.0,0.0,0.0,0.0,0.0,0.0
Exploitation real estate,4.0,0.0,0.0,25.0,7.0,13.0,232.0,27.0,1.0,33.0,46.0,42.0,62.0,34.0,136.0,19.0,73.0,61.0,33.0,255.0,75.0,60.0,192.0,11.0,55.0,50.0,43.0,55.0,106.0,3.0,78.0,346.0,71.0,318.0,602.0,1012.0,4237.0,131.0,0.0,21.0,573.0,57.0,411.0,886.0,52.0,75.0,14.0,214.0,453.0,58.0,310.0,155.0,138.0,28.0,1845.0,526.0,672.0,243.0,124.0,171.0,51.0,12.0,136.0,244.0,59.0,17.0,71.0,52.0,111.0,248.0,125.0,836.0,17.0,15.0,1.0,73.0,124.0,24.0,195.0,0.0
Legal,250.0,0.0,5.0,6.0,3.0,8.0,225.0,11.0,2.0,8.0,11.0,31.0,25.0,6.0,196.0,21.0,39.0,10.0,21.0,62.0,79.0,67.0,69.0,24.0,17.0,13.0,18.0,35.0,47.0,12.0,25.0,86.0,77.0,112.0,67.0,1160.0,424.0,128.0,33.0,27.0,91.0,91.0,49.0,94.0,31.0,33.0,23.0,46.0,154.0,17.0,548.0,361.0,263.0,0.0,212.0,382.0,1806.0,77.0,25.0,248.0,99.0,5.0,33.0,271.0,60.0,5.0,23.0,142.0,1404.0,633.0,193.0,163.0,95.0,59.0,14.0,100.0,252.0,35.0,40.0,0.0
Holdings,83.0,0.0,2.0,72.0,13.0,84.0,903.0,134.0,14.0,75.0,51.0,314.0,90.0,66.0,931.0,245.0,172.0,109.0,68.0,284.0,369.0,375.0,811.0,118.0,111.0,67.0,48.0,210.0,141.0,31.0,104.0,380.0,212.0,509.0,343.0,6568.0,854.0,742.0,164.0,145.0,439.0,467.0,209.0,285.0,162.0,165.0,82.0,486.0,1449.0,505.0,714.0,364.0,389.0,2.0,660.0,1354.0,4376.0,702.0,248.0,326.0,349.0,20.0,137.0,444.0,135.0,89.0,201.0,264.0,1222.0,233.0,192.0,133.0,56.0,41.0,4.0,65.0,204.0,15.0,65.0,0.0
Architecture,48.0,0.0,2.0,50.0,8.0,183.0,129.0,7.0,3.0,4.0,6.0,15.0,10.0,83.0,124.0,16.0,17.0,8.0,12.0,71.0,23.0,44.0,90.0,24.0,24.0,11.0,10.0,29.0,81.0,40.0,1.0,499.0,337.0,357.0,76.0,266.0,120.0,30.0,10.0,1.0,117.0,18.0,10.0,24.0,6.0,1.0,1.0,55.0,16.0,10.0,35.0,61.0,40.0,48.0,222.0,24.0,434.0,879.0,23.0,23.0,32.0,2.0,20.0,25.0,21.0,2.0,6.0,9.0,572.0,42.0,19.0,8.0,8.0,7.0,4.0,9.0,57.0,4.0,13.0,0.0
Research,4.0,0.0,0.0,4.0,0.0,12.0,99.0,2.0,0.0,2.0,1.0,5.0,0.0,35.0,107.0,29.0,3.0,2.0,2.0,9.0,25.0,77.0,51.0,7.0,3.0,4.0,9.0,0.0,3.0,5.0,0.0,8.0,8.0,4.0,14.0,55.0,21.0,4.0,3.0,0.0,1.0,3.0,1.0,3.0,0.0,0.0,0.0,1.0,2.0,0.0,3.0,6.0,13.0,0.0,3.0,8.0,165.0,39.0,208.0,0.0,45.0,0.0,0.0,0.0,0.0,0.0,0.0,0.0,92.0,13.0,0.0,0.0,0.0,0.0,0.0,0.0,0.0,0.0,0.0,0.0
Advertising,21.0,0.0,0.0,3.0,2.0,4.0,118.0,48.0,9.0,9.0,6.0,11.0,13.0,7.0,94.0,14.0,23.0,7.0,28.0,31.0,54.0,40.0,53.0,37.0,20.0,6.0,13.0,14.0,42.0,6.0,8.0,40.0,23.0,118.0,177.0,1399.0,602.0,57.0,16.0,25.0,42.0,18.0,38.0,103.0,115.0,91.0,29.0,137.0,264.0,40.0,242.0,119.0,69.0,0.0,130.0,152.0,354.0,87.0,34.0,960.0,53.0,7.0,65.0,171.0,40.0,10.0,31.0,95.0,439.0,78.0,40.0,45.0,30.0,17.0,20.0,43.0,60.0,6.0,36.0,0.0
Design,24.0,0.0,0.0,6.0,0.0,2.0,56.0,7.0,5.0,4.0,0.0,12.0,20.0,4.0,64.0,5.0,10.0,5.0,13.0,14.0,23.0,27.0,26.0,7.0,23.0,4.0,9.0,13.0,9.0,2.0,9.0,28.0,21.0,38.0,76.0,362.0,203.0,41.0,20.0,20.0,37.0,17.0,27.0,65.0,50.0,44.0,36.0,32.0,197.0,91.0,85.0,91.0,35.0,0.0,96.0,47.0,499.0,42.0,22.0,163.0,419.0,2.0,39.0,38.0,23.0,15.0,25.0,44.0,302.0,85.0,19.0,50.0,27.0,23.0,6.0,22.0,34.0,14.0,21.0,0.0
Veterinary,309.0,0.0,0.0,0.0,0.0,0.0,0.0,0.0,0.0,0.0,0.0,0.0,0.0,0.0,0.0,0.0,0.0,0.0,0.0,0.0,0.0,0.0,0.0,0.0,0.0,0.0,0.0,0.0,0.0,0.0,0.0,0.0,0.0,0.0,0.0,0.0,0.0,0.0,0.0,0.0,0.0,0.0,0.0,0.0,0.0,0.0,0.0,0.0,0.0,0.0,0.0,0.0,0.0,0.0,0.0,0.0,0.0,0.0,0.0,0.0,0.0,0.0,0.0,0.0,0.0,0.0,0.0,0.0,7.0,0.0,0.0,0.0,0.0,13.0,0.0,3.0,0.0,0.0,0.0,0.0
Rental of movable property,42.0,1.0,2.0,13.0,2.0,30.0,109.0,25.0,0.0,1.0,7.0,16.0,33.0,5.0,48.0,8.0,37.0,25.0,17.0,77.0,7.0,10.0,25.0,8.0,15.0,16.0,25.0,16.0,83.0,7.0,57.0,151.0,177.0,300.0,25.0,518.0,57.0,105.0,63.0,69.0,79.0,81.0,8.0,29.0,11.0,69.0,65.0,52.0,202.0,10.0,67.0,65.0,29.0,0.0,38.0,67.0,199.0,38.0,13.0,16.0,46.0,8.0,198.0,6.0,8.0,13.0,44.0,56.0,54.0,39.0,45.0,106.0,29.0,18.0,6.0,66.0,29.0,8.0,21.0,0.0
Employment Agencies,97.0,0.0,2.0,81.0,10.0,160.0,1251.0,61.0,7.0,58.0,63.0,75.0,81.0,32.0,364.0,121.0,197.0,173.0,148.0,669.0,150.0,155.0,731.0,283.0,222.0,79.0,54.0,290.0,466.0,32.0,261.0,219.0,197.0,998.0,161.0,1929.0,720.0,810.0,162.0,36.0,741.0,151.0,171.0,316.0,102.0,47.0,30.0,214.0,152.0,61.0,449.0,224.0,168.0,0.0,310.0,252.0,1445.0,689.0,154.0,113.0,54.0,6.0,182.0,1088.0,39.0,97.0,317.0,279.0,1278.0,1160.0,306.0,451.0,14.0,10.0,2.0,97.0,70.0,34.0,56.0,0.0
Travel services,0.0,0.0,0.0,0.0,0.0,0.0,6.0,2.0,1.0,0.0,0.0,0.0,1.0,0.0,2.0,0.0,2.0,0.0,0.0,0.0,2.0,1.0,3.0,0.0,0.0,0.0,0.0,0.0,1.0,1.0,0.0,1.0,0.0,4.0,4.0,43.0,18.0,14.0,9.0,294.0,2.0,0.0,152.0,24.0,1.0,1.0,2.0,0.0,6.0,0.0,8.0,91.0,4.0,7.0,17.0,2.0,66.0,2.0,1.0,2.0,2.0,0.0,1.0,3.0,1878.0,0.0,1.0,1.0,33.0,14.0,3.0,3.0,23.0,16.0,18.0,75.0,7.0,0.0,1.0,0.0
Security,1.0,0.0,0.0,2.0,1.0,3.0,32.0,1.0,0.0,2.0,2.0,14.0,2.0,3.0,31.0,4.0,8.0,3.0,7.0,12.0,7.0,6.0,12.0,5.0,3.0,4.0,8.0,5.0,8.0,10.0,4.0,10.0,5.0,15.0,12.0,73.0,192.0,47.0,10.0,2.0,356.0,17.0,30.0,34.0,6.0,2.0,1.0,18.0,9.0,1.0,16.0,14.0,9.0,3.0,34.0,12.0,74.0,8.0,5.0,4.0,4.0,1.0,6.0,7.0,1.0,130.0,94.0,5.0,290.0,251.0,6.0,10.0,12.0,17.0,11.0,35.0,4.0,0.0,5.0,0.0
Cleaning,41.0,1.0,0.0,6.0,4.0,5.0,62.0,5.0,0.0,4.0,4.0,6.0,7.0,10.0,43.0,7.0,11.0,15.0,6.0,24.0,12.0,15.0,30.0,11.0,12.0,6.0,29.0,17.0,35.0,10.0,26.0,27.0,38.0,55.0,83.0,262.0,251.0,75.0,83.0,10.0,117.0,12.0,111.0,105.0,7.0,7.0,3.0,27.0,127.0,10.0,67.0,71.0,53.0,50.0,604.0,59.0,328.0,54.0,23.0,44.0,47.0,6.0,403.0,74.0,11.0,26.0,495.0,14.0,1289.0,732.0,261.0,286.0,105.0,108.0,20.0,139.0,113.0,5.0,42.0,0.0
Remaining Services,130.0,0.0,4.0,0.0,1.0,2.0,48.0,8.0,4.0,3.0,4.0,9.0,4.0,1.0,50.0,5.0,6.0,6.0,9.0,13.0,22.0,17.0,19.0,4.0,4.0,1.0,5.0,2.0,25.0,12.0,4.0,23.0,9.0,34.0,42.0,220.0,82.0,21.0,3.0,19.0,10.0,8.0,29.0,39.0,25.0,20.0,11.0,94.0,300.0,66.0,63.0,64.0,53.0,0.0,65.0,25.0,305.0,14.0,2.0,104.0,53.0,1.0,151.0,33.0,32.0,4.0,17.0,86.0,157.0,39.0,13.0,39.0,25.0,4.0,7.0,4.0,27.0,22.0,9.0,0.0
Public services,94.0,0.0,5.0,9.0,3.0,7.0,150.0,19.0,1.0,17.0,12.0,46.0,13.0,9.0,95.0,12.0,24.0,14.0,51.0,56.0,21.0,33.0,52.0,20.0,16.0,11.0,17.0,14.0,244.0,8.0,129.0,68.0,20.0,92.0,97.0,360.0,169.0,170.0,41.0,6.0,57.0,15.0,46.0,95.0,15.0,9.0,8.0,66.0,185.0,10.0,155.0,75.0,79.0,0.0,88.0,85.0,206.0,44.0,25.0,264.0,22.0,6.0,10.0,62.0,11.0,11.0,36.0,42.0,1024.0,226.0,366.0,451.0,15.0,8.0,6.0,52.0,36.0,5.0,28.0,0.0
Education,7.0,0.0,0.0,8.0,2.0,1.0,36.0,8.0,0.0,0.0,1.0,5.0,3.0,3.0,29.0,12.0,6.0,5.0,3.0,18.0,10.0,6.0,40.0,8.0,10.0,2.0,16.0,13.0,23.0,5.0,11.0,23.0,28.0,51.0,30.0,137.0,52.0,24.0,11.0,14.0,33.0,4.0,29.0,62.0,13.0,38.0,27.0,27.0,51.0,7.0,150.0,114.0,44.0,0.0,34.0,266.0,330.0,45.0,137.0,44.0,14.0,4.0,9.0,60.0,4.0,9.0,11.0,14.0,1312.0,654.0,278.0,224.0,160.0,29.0,4.0,61.0,66.0,1.0,13.0,0.0
Healthcare,7.0,0.0,0.0,2.0,0.0,1.0,8.0,1.0,0.0,0.0,0.0,3.0,2.0,7.0,7.0,0.0,4.0,4.0,3.0,11.0,5.0,1.0,8.0,3.0,2.0,1.0,2.0,4.0,4.0,0.0,2.0,11.0,7.0,17.0,19.0,82.0,35.0,22.0,0.0,1.0,12.0,2.0,4.0,10.0,2.0,1.0,1.0,4.0,31.0,1.0,17.0,10.0,8.0,0.0,8.0,12.0,14.0,14.0,4.0,6.0,0.0,0.0,0.0,33.0,11.0,3.0,3.0,5.0,987.0,48.0,2192.0,529.0,2.0,1.0,0.0,7.0,9.0,10.0,3.0,0.0
Caretaking,0.0,0.0,0.0,0.0,0.0,0.0,0.0,0.0,0.0,0.0,0.0,0.0,0.0,0.0,0.0,0.0,0.0,0.0,0.0,0.0,0.0,0.0,0.0,0.0,0.0,0.0,0.0,0.0,0.0,0.0,0.0,0.0,0.0,0.0,0.0,2.0,0.0,0.0,0.0,0.0,2.0,0.0,0.0,0.0,0.0,0.0,0.0,0.0,3.0,0.0,0.0,0.0,0.0,0.0,0.0,0.0,4.0,0.0,0.0,0.0,0.0,0.0,0.0,3.0,0.0,0.0,0.0,0.0,207.0,3.0,142.0,334.0,0.0,0.0,0.0,0.0,0.0,0.0,0.0,0.0
Creative,1.0,0.0,0.0,2.0,0.0,1.0,16.0,10.0,0.0,2.0,1.0,2.0,2.0,3.0,8.0,1.0,3.0,3.0,4.0,5.0,8.0,3.0,5.0,3.0,4.0,2.0,6.0,5.0,5.0,0.0,2.0,7.0,5.0,13.0,9.0,46.0,50.0,10.0,4.0,1.0,6.0,1.0,28.0,76.0,34.0,173.0,114.0,12.0,43.0,2.0,20.0,19.0,8.0,0.0,16.0,12.0,84.0,10.0,7.0,35.0,25.0,0.0,205.0,26.0,27.0,4.0,5.0,3.0,49.0,16.0,13.0,5.0,804.0,45.0,19.0,25.0,34.0,1.0,2.0,0.0
Libraries&Archives,0.0,0.0,0.0,0.0,0.0,0.0,0.0,0.0,0.0,0.0,0.0,0.0,0.0,0.0,0.0,0.0,0.0,0.0,0.0,0.0,1.0,0.0,1.0,0.0,0.0,0.0,0.0,0.0,0.0,0.0,0.0,0.0,0.0,0.0,0.0,5.0,3.0,0.0,0.0,0.0,0.0,0.0,0.0,7.0,15.0,4.0,6.0,1.0,4.0,0.0,3.0,2.0,0.0,0.0,2.0,0.0,4.0,2.0,0.0,2.0,16.0,0.0,18.0,2.0,26.0,0.0,0.0,0.0,2.0,63.0,0.0,7.0,31.0,109.0,0.0,15.0,6.0,0.0,0.0,0.0
Lotteries,0.0,0.0,0.0,0.0,0.0,0.0,0.0,0.0,0.0,0.0,0.0,0.0,0.0,0.0,0.0,0.0,0.0,0.0,0.0,0.0,0.0,0.0,0.0,0.0,0.0,0.0,0.0,0.0,0.0,0.0,0.0,0.0,0.0,0.0,0.0,0.0,0.0,0.0,0.0,0.0,0.0,0.0,0.0,0.0,0.0,0.0,0.0,0.0,0.0,0.0,0.0,0.0,0.0,0.0,0.0,0.0,0.0,0.0,0.0,0.0,0.0,0.0,0.0,0.0,0.0,0.0,0.0,0.0,0.0,0.0,0.0,0.0,0.0,0.0,18.0,0.0,0.0,0.0,0.0,0.0
Sport,1.0,0.0,0.0,1.0,1.0,0.0,23.0,5.0,2.0,2.0,1.0,1.0,3.0,1.0,8.0,2.0,5.0,2.0,6.0,4.0,6.0,5.0,8.0,2.0,4.0,2.0,2.0,4.0,6.0,1.0,19.0,10.0,5.0,15.0,19.0,71.0,46.0,7.0,2.0,5.0,9.0,4.0,6.0,15.0,11.0,25.0,21.0,13.0,12.0,7.0,25.0,23.0,11.0,0.0,17.0,18.0,32.0,7.0,9.0,61.0,9.0,1.0,11.0,21.0,41.0,2.0,7.0,12.0,181.0,65.0,4.0,13.0,10.0,10.0,73.0,675.0,10.0,0.0,14.0,0.0
Hobby Associations,59.0,0.0,1.0,3.0,0.0,5.0,35.0,5.0,1.0,4.0,3.0,5.0,2.0,2.0,35.0,2.0,8.0,5.0,8.0,14.0,4.0,4.0,10.0,8.0,13.0,8.0,16.0,9.0,8.0,2.0,22.0,16.0,14.0,36.0,28.0,78.0,44.0,25.0,9.0,1.0,15.0,0.0,20.0,42.0,11.0,9.0,6.0,10.0,126.0,12.0,52.0,37.0,31.0,0.0,78.0,43.0,56.0,22.0,7.0,23.0,18.0,2.0,10.0,15.0,10.0,3.0,21.0,8.0,109.0,36.0,246.0,86.0,4.0,10.0,1.0,21.0,87.0,3.0,9.0,0.0
Reparation goods,2.0,0.0,0.0,2.0,0.0,0.0,5.0,0.0,0.0,0.0,1.0,0.0,1.0,2.0,9.0,1.0,2.0,2.0,2.0,2.0,2.0,0.0,3.0,0.0,3.0,1.0,0.0,0.0,2.0,3.0,1.0,5.0,3.0,8.0,2.0,10.0,15.0,4.0,6.0,12.0,4.0,1.0,3.0,3.0,2.0,0.0,0.0,9.0,30.0,16.0,14.0,9.0,3.0,0.0,61.0,7.0,31.0,20.0,0.0,16.0,2.0,0.0,2.0,4.0,1.0,0.0,5.0,0.0,14.0,7.0,4.0,0.0,0.0,0.0,0.0,13.0,1.0,1.0,0.0,0.0
Remainder of Personal Service Provision,5.0,0.0,0.0,1.0,1.0,1.0,16.0,1.0,1.0,1.0,1.0,1.0,1.0,1.0,4.0,1.0,1.0,4.0,2.0,3.0,1.0,2.0,4.0,1.0,5.0,1.0,5.0,1.0,2.0,1.0,3.0,3.0,2.0,6.0,25.0,30.0,20.0,10.0,3.0,3.0,8.0,1.0,75.0,71.0,1.0,12.0,5.0,1.0,8.0,1.0,2.0,12.0,5.0,0.0,7.0,6.0,13.0,5.0,1.0,3.0,8.0,17.0,0.0,20.0,0.0,9.0,23.0,4.0,72.0,18.0,132.0,178.0,27.0,9.0,2.0,29.0,7.0,0.0,263.0,0.0
Households with personnel,0.0,0.0,0.0,0.0,0.0,0.0,0.0,0.0,0.0,0.0,0.0,0.0,0.0,0.0,0.0,0.0,0.0,0.0,0.0,0.0,0.0,0.0,0.0,0.0,0.0,0.0,0.0,0.0,0.0,0.0,0.0,0.0,0.0,0.0,0.0,0.0,0.0,0.0,0.0,0.0,0.0,0.0,0.0,0.0,0.0,0.0,0.0,0.0,0.0,0.0,0.0,0.0,0.0,0.0,0.0,0.0,0.0,0.0,0.0,0.0,0.0,0.0,0.0,0.0,0.0,0.0,0.0,0.0,0.0,0.0,0.0,0.0,0.0,0.0,0.0,0.0,0.0,0.0,0.0,0.0
