,Agriculture,Forestry,Fishery,Mining of Oil and Gas,Remainder Mining of Resources (No Oil and Gas),Supporting Activities of Resource Mining,Food supplement Industry,Beverage Industry,Tobacco Industry,"Textile, Clothing and Leather Industry",Wood Industry,Paper Industry,Graphical Industry,Oil Industry,Chemical Industry,Pharmaceutical Industry,Rubber and Plastic Industry,Building Material Industry,Raw Metal Industry,Metal Product Industry,Electrotechnical Industry,Electrical Device Industry,Machine Industry,Car Industry,Remainder Transport Devices Industry,Furniture Industry,Remainder of Industry,Reparation and Installation of Machines,Energy Companies,Water Pipe Company ,"Sewerage, Waste, Sanitation",General Building and Project Development,"Ground, Water and Road Building",Specialized Building,Car sales and reparation,Wholesale,Retail - not cars,Transport over land,Transport over water,Transport through air,"Storage, Services, and Transport",Post and couriers,Lodging,Restaurants and Bars,Publishers,"Production of Movies, TV, Radio, Music",Broadcasting radio and television,Telecommunication,IT-services,Services in the area of information,Banking Sector,Insurers and Pension Funds,Remainder of Financial Services,Rental value property ownership,Exploitation real estate,Legal services and administration,Holdings and management advice companies,Architects and Engineering Companies,Research,Advertising and market research,"Design, Photography, Translation Companies",Veterinary Services,Rental of Movable Property,Employment Agency and Labor Mediation,Travelling Agencies,Security and Search Services,Cleaning Companies,Remaining Business Services,Public Governance and Government Services,Education,Healthcare,Caretaking and Wellbeing,"Creative Services, Art and Amusement","Libraries, Archives, Museums",Lotteries and Other Chance Games,Sport and Recreation,Idealistic and Hobby Associations ,Repairing of Consumer Articles,Remainder of Personal Service Provision,Households with personnel
Agriculture,5387.985556822501,13.066666666666668,2.0,6.0,0.0,0.0,9459.328774557689,20.0,28.750000000000004,104.94186046511626,1.0,2.0,1.0,3.0,20.055555555555554,,38.233333333333334,3.0,6.0,5.0,2.0,0.0,1.0,0.0,0.0,3.0,9.0,5.0,2.0,2.0,6.0,12.0,37.07317073170732,87.99999999999999,3.0,216.6116504854369,35.172413793103445,56.896551724137936,0.0,0.0,87.075,0.0,28.965517241379313,98.84761904761906,0.0,2.0,0.0,9.0,2.9999999999999996,0.0,2.0,2.0,0.0,0.0,22.22222222222222,2.0,9.0,0.0,17.0,0.0,0.0,0.0,4.0,,0.0,0.0,76.89411764705882,45.0,113.99999999999999,17.88235294117647,41.0,68.49382716049384,2.0,4.999999999999999,2.0,9.0,4.0,0.0,25.88235294117647,0.0
Forestry,0.0,4.0,0.0,0.0,0.0,0.0,0.0,0.0,0.0,0.0,12.0,2.9999999999999996,0.0,0.0,2.0,0.0,0.0,0.0,0.0,0.0,0.0,0.0,0.0,0.0,0.0,0.0,0.0,0.0,0.0,0.0,0.0,0.0,0.0,0.0,0.0,0.0,0.0,0.0,0.0,0.0,0.0,0.0,0.0,0.0,0.0,0.0,0.0,0.0,0.0,0.0,0.0,0.0,0.0,0.0,0.0,0.0,0.0,0.0,0.0,0.0,0.0,0.0,0.0,0.0,0.0,0.0,0.0,0.0,0.0,0.0,0.0,0.0,0.0,0.0,0.0,0.0,0.0,0.0,0.0,0.0
Fishery,0.0,0.0,2.0,0.0,0.0,0.0,52.17948717948718,0.0,0.0,0.0,0.0,0.0,0.0,0.0,0.0,0.0,0.0,0.0,0.0,0.0,0.0,0.0,0.0,0.0,0.0,0.0,0.0,0.0,0.0,0.0,0.0,0.0,0.0,0.0,0.0,0.0,0.0,0.0,0.0,0.0,0.0,0.0,0.0,0.0,0.0,0.0,0.0,0.0,0.0,0.0,0.0,0.0,0.0,0.0,0.0,0.0,0.0,0.0,0.0,0.0,0.0,0.0,0.0,0.0,0.0,0.0,0.0,0.0,3.0,0.0,4.0,3.0000000000000004,0.0,0.0,0.0,0.0,0.0,0.0,0.0,0.0
Mining of Oil and Gas,214.44324324324324,0.0,0.0,66.15723270440252,0.0,1.0,258.12790697674416,39.65217391304348,,7.0,,62.53333333333334,5.0,391.875,587.9909706546275,18.0,40.0,95.64912280701753,95.55000000000001,56.27586206896552,0.0,0.0,16.0,4.0,8.0,2.9999999999999996,,12.222222222222223,82.47272727272727,6.0,8.8,3.3333333333333335,0.0,6.25,6.666666666666667,114.08666666666666,29.590909090909086,8.0,1.0,0.0,13.600000000000001,1.0,30.07692307692308,51.46808510638298,0.0,1.0,2.0,1.4999999999999998,6.0,0.0,5.0,2.0,,7.0,11.666666666666666,3.0,3.5999999999999996,2.0,4.0,0.0,1.0,,1.0,1.4999999999999998,1.0,1.0,3.0,1.4999999999999998,33.38461538461538,42.5,22.695652173913043,47.755102040816325,5.6,3.0,4.0,19.9047619047619,31.636363636363637,,5.0,0.0
Remainder Mining of Resources (No Oil and Gas),16.0,0.0,0.0,0.0,140.02205882352942,6.0,0.0,0.0,0.0,0.0,0.0,0.0,0.0,0.0,95.17241379310346,0.0,0.0,128.0,0.0,0.0,0.0,0.0,0.0,0.0,0.0,0.0,0.0,0.0,0.0,0.0,0.0,89.93406593406594,112.86486486486487,77.0,0.0,4.0,0.0,0.0,0.0,0.0,0.0,0.0,0.0,0.0,0.0,0.0,0.0,0.0,0.0,0.0,0.0,0.0,0.0,0.0,0.0,0.0,4.166666666666667,0.0,0.0,0.0,0.0,0.0,0.0,0.0,0.0,0.0,3.0,0.0,5.0,0.0,0.0,0.0,0.0,0.0,0.0,0.0,0.0,0.0,0.0,0.0
Supporting Activities of Resource Mining,0.0,0.0,0.0,20.0,0.0,126.02307692307693,0.0,0.0,0.0,0.0,0.0,0.0,0.0,0.0,0.0,0.0,0.0,0.0,0.0,0.0,0.0,0.0,0.0,0.0,,0.0,0.0,0.0,0.0,0.0,0.0,0.0,11.0,0.0,0.0,0.0,0.0,0.0,0.0,0.0,0.0,0.0,0.0,0.0,0.0,0.0,0.0,0.0,0.0,0.0,0.0,0.0,0.0,0.0,0.0,0.0,0.0,2.0,0.0,0.0,0.0,0.0,0.0,0.0,0.0,0.0,0.0,0.0,0.0,0.0,0.0,0.0,0.0,0.0,0.0,0.0,0.0,0.0,0.0,0.0
Food supplement Industry,4219.524617996604,0.0,13.125000000000002,0.0,0.0,0.0,7964.473464746019,139.56923076923078,1.0,8.88888888888889,0.0,31.96875,0.0,119.38235294117648,197.1,200.2391304347826,20.833333333333332,0.0,1.0,5.25,0.0,2.9999999999999996,4.0,,0.0,2.0,,0.0,15.75,inf,207.33023255813956,1.0,,18.0,5.333333333333333,244.42358078602618,10.0,6.0,0.0,2.0,1.0,1.0,271.0,1314.9409984871406,1.0,4.0,,0.0,4.166666666666667,0.0,6.999999999999998,9.0,10.666666666666666,13.714285714285715,4.0,2.25,78.9887640449438,2.0,10.0,0.0,4.0,0.0,1.0,1.0,4.0,0.0,0.0,1.0,77.04878048780489,43.99999999999999,206.80733944954127,520.6506469500924,14.0,26.0,5.0,92.01063829787233,1.0,0.0,31.21621621621622,0.0
Beverage Industry,1.0,0.0,0.0,0.0,0.0,0.0,19.310344827586206,95.94059405940594,0.0,0.0,0.0,0.0,0.0,0.0,4.0,0.0,0.0,0.0,0.0,1.0,0.0,0.0,inf,0.0,1.0,0.0,0.0,inf,0.0,0.0,0.0,1.0,0.0,0.0,2.0,20.055555555555554,4.0,1.0,0.0,0.0,1.0,0.0,22.799999999999997,411.2795969773299,,0.0,0.0,0.0,1.0,0.0,4.0,3.0,2.0,0.0,1.0,0.5,6.75,2.0,,0.0,0.0,0.0,0.0,2.9999999999999996,2.0,1.0,0.0,1.0,8.1,20.000000000000004,4.0,21.85,6.0,2.0,10.90909090909091,246.9635627530364,5.333333333333333,0.0,12.0,0.0
Tobacco Industry,15.0,0.0,0.0,0.0,0.0,0.0,0.0,0.0,23.483870967741932,0.0,0.0,0.0,0.0,0.0,0.0,0.0,0.0,0.0,0.0,0.0,0.0,0.0,0.0,0.0,0.0,0.0,0.0,0.0,0.0,0.0,0.0,0.0,0.0,0.0,0.0,0.0,0.0,0.0,0.0,0.0,0.0,0.0,0.0,0.0,0.0,0.0,0.0,0.0,0.0,0.0,0.0,0.0,0.0,0.0,0.0,0.0,0.0,0.0,0.0,0.0,0.0,0.0,0.0,0.0,0.0,0.0,0.0,0.0,0.0,0.0,0.0,0.0,0.0,0.0,0.0,0.0,0.0,0.0,0.0,0.0
"Textile, Clothing and Leather Industry",3.0,0.0,1.0,0.0,0.0,0.0,6.0,3.75,0.0,306.74285714285713,5.0,9.0,5.333333333333333,0.0,5.0,1.0,14.166666666666666,8.0,0.0,4.444444444444445,0.0,27.0,13.0,7.0,2.0,4.0,3.0,0.0,0.0,0.0,5.0,14.166666666666666,14.0,12.1875,4.0,23.0,13.0,0.0,0.5,0.0,3.0,0.0,2.0,0.5,9.0,1.0,1.0,5.25,0.0,2.0,0.0,0.0,0.0,1.0,4.499999999999999,1.0,37.00000000000001,1.0,2.0,inf,0.0,0.0,6.0,0.0,0.0,8.0,86.0,2.0,11.200000000000001,4.8,10.214285714285715,15.0,0.0,0.0,0.0,0.0,0.0,2.0,8.0,0.0
Wood Industry,25.0,0.0,0.0,0.0,1.0,0.0,52.0,49.0,0.0,20.11764705882353,104.00000000000001,12.100000000000001,1.3333333333333333,2.0,34.94444444444444,4.375,31.32,27.034482758620687,0.0,32.96969696969697,6.0,2.0,11.0,0.0,0.5,27.0,28.928571428571427,0.0,1.4999999999999998,0.0,0.0,694.7027027027028,35.0,129.72307692307695,0.0,18.0,48.9795918367347,6.0,0.0,0.0,35.82857142857143,0.0,7.714285714285714,1.5,1.0,2.0,0.0,1.0,0.0,,2.0,2.9999999999999996,2.0,74.825,171.93442622950818,2.0,5.333333333333333,0.0,6.125000000000001,7.0,1.4999999999999998,2.0,2.0,1.0,0.0,1.0,0.0,135.0,15.0,4.0,0.0,0.0,1.0,2.0,0.0,0.0,0.0,0.0,61.0,0.0
Paper Industry,11.0,0.0,2.0,7.0,0.0,4.0,535.7008196721312,135.046875,11.428571428571429,13.0,2.0,832.7131782945736,106.272,2.0,42.10526315789474,29.999999999999996,78.0,26.0,20.0,36.0,22.08,3.0,84.32876712328768,1.5,4.0,25.090909090909093,19.950000000000003,4.0,2.0,4.0,2.6666666666666665,10.0,2.0,18.0,6.25,27.999999999999996,38.0,4.285714285714286,10.285714285714286,5.0,13.090909090909092,0.0,5.0,21.176470588235293,103.80681818181816,3.0,2.0,7.199999999999999,11.0,3.0,6.0,5.0,4.0,inf,22.0,10.0,12.0,4.0,6.999999999999999,14.0,5.0,0.0,6.0,6.0,0.0,inf,63.0,165.28378378378378,34.0,26.96296296296296,65.25,47.06976744186046,9.0,3.0,,3.0,8.1,10.499999999999998,5.0,0.0
Graphical Industry,9.0,0.0,0.0,0.0,1.0,1.0,78.35555555555555,39.0,1.0,2.0,4.0,17.88235294117647,86.88659793814433,0.0,37.89473684210527,0.0,17.0,7.0,15.0,12.923076923076923,25.19047619047619,14.0,23.958333333333336,13.0,3.0,1.0,9.0,9.0,5.0,1.0,7.111111111111111,19.0,13.0,35.285714285714285,66.95384615384616,228.0337552742616,126.96850393700788,23.884615384615383,9.899999999999999,5.0,11.0,5.0,37.0,65.0,532.4973357015986,21.083333333333332,9.0,110.17821782178218,106.9811320754717,17.0,141.81756756756758,32.72727272727273,36.09375,0.0,32.0,40.0,189.96923076923073,13.764705882352942,13.0,220.6153846153846,10.90909090909091,4.0,21.0,26.838709677419356,65.0,2.0,9.166666666666668,22.115384615384617,60.76119402985075,52.16949152542372,32.0,39.06976744186047,18.0,17.1,4.0,6.125,8.8,1.0,3.0,0.0
Oil Industry,100.20547945205482,inf,19.8,6.666666666666666,4.499999999999999,3.0,28.26086956521739,7.0,0.0,0.0,2.0,0.0,2.0,1025.084745762712,1269.2256770310935,14.0,inf,10.5,9.0,8.75,0.0,4.666666666666667,4.0,0.0,6.0,5.999999999999999,4.5,5.833333333333332,63.25000000000001,0.0,8.0,28.0,89.89024390243902,67.67187499999999,17.0,144.384,40.73684210526316,172.95384615384617,227.04395604395606,667.2229299363058,54.36363636363636,3.0,2.0,6.125000000000001,0.0,1.0,inf,2.0,15.866666666666667,2.0,22.0,19.0,11.0,0.0,20.700000000000003,12.499999999999998,35.83783783783784,21.272727272727273,0.5,10.636363636363635,2.0,0.0,74.59016393442623,20.4,1.0,0.0,12.222222222222223,1.4999999999999998,34.17857142857143,52.27272727272727,8.0,5.0,4.0,4.0,,19.950000000000003,12.0,4.499999999999999,9.0,0.0
Chemical Industry,268.17977528089887,0.0,0.0,4.166666666666667,15.0,0.0,139.20000000000002,11.0,93.3142857142857,62.85981308411215,13.0,225.33333333333334,72.84415584415585,275.6108949416342,9091.644728434503,61.78260869565217,1099.7999999999997,52.758620689655174,46.97872340425531,64.90140845070422,45.6,38.92682926829269,40.026315789473685,44.0,26.0,290.7692307692308,128.0,32.0,8.0,34.97142857142858,9.0,78.0,19.0,233.98290598290598,8.5,199.56250000000003,1.4999999999999998,3.666666666666667,3.0,0.0,1.0,,2.0,5.0,24.0,7.875,4.0,0.0,0.0,0.0,0.0,0.0,0.0,12.000000000000002,66.0655737704918,0.0,5.714285714285714,6.666666666666666,149.7674418604651,5.0,2.0,0.0,0.0,0.0,0.0,0.0,43.16326530612245,0.0,28.785714285714285,36.94444444444444,21.266666666666666,6.0,7.111111111111111,6.666666666666667,1.0,2.25,0.0,3.2,19.23076923076923,0.0
Pharmaceutical Industry,24.705882352941178,0.0,0.0,0.0,0.0,0.0,7.0,2.0,4.285714285714286,2.6666666666666665,0.0,4.0,1.0,0.0,70.19047619047619,150.03092783505156,6.0,0.0,0.0,0.0,6.0,0.0,0.0,0.0,0.0,0.0,10.285714285714285,0.0,0.0,0.0,0.0,0.0,2.0,9.0,0.0,7.636363636363638,22.90909090909091,0.0,0.0,0.0,0.0,0.0,0.0,0.0,0.0,0.0,0.0,0.0,0.0,0.0,0.0,0.0,0.0,0.0,0.0,0.0,14.181818181818182,0.0,7.0,0.0,0.0,5.0,0.0,0.0,0.0,0.0,1.0,0.0,0.0,0.0,232.827868852459,8.0,0.0,0.0,0.0,0.0,0.0,0.0,1.0,0.0
Rubber and Plastic Industry,40.173913043478265,0.0,0.0,6.999999999999999,0.5,10.0,274.0,38.025000000000006,10.083333333333334,5.25,108.01801801801803,135.14285714285717,8.1,3.4285714285714284,156.2222222222222,19.593749999999996,257.00787401574803,165.26315789473685,21.0,98.0,9.0,37.0,117.94690265486727,162.08426966292134,37.0,64.0,85.96428571428572,23.0,4.499999999999999,0.0,5.833333333333334,189.05102040816328,58.07812500000001,467.03505154639186,8.25,46.93333333333334,24.074074074074073,16.8,2.0,4.0,12.923076923076923,0.0,5.0,12.222222222222221,28.0,3.0,1.0,7.0,9.0,0.0,2.0,3.75,2.0,33.90625,85.97701149425288,11.0,26.88,1.0,14.181818181818183,1.5,5.142857142857142,0.0,0.0,4.0,0.0,0.0,21.11111111111111,12.833333333333334,6.0,12.0,14.0,40.0,4.0,4.999999999999999,0.0,4.0,6.0,31.0,12.0,0.0
Building Material Industry,9.0,0.0,0.0,0.0,0.0,0.0,33.2962962962963,80.39999999999999,5.0,0.0,0.0,2.0,0.0,0.0,10.0,7.0,6.0,233.82589285714283,8.0,20.30769230769231,20.0,5.0,9.0,,0.0,3.0,16.666666666666668,1.4999999999999998,6.0,0.0,8.4,1832.0577700751012,424.67678958785245,700.1183611532625,3.0,25.555555555555554,0.0,0.0,0.0,0.0,0.0,0.0,3.75,9.0,0.0,4.0,3.0,0.0,0.0,0.0,0.0,0.0,0.0,58.61818181818181,103.07368421052631,0.0,5.0,0.0,0.0,0.0,0.0,0.0,0.0,0.0,0.0,0.0,69.85074626865672,0.0,23.0,19.894736842105264,15.0,0.0,8.0,1.5,,5.0,0.0,0.0,14.181818181818182,0.0
Raw Metal Industry,2.0,0.0,0.0,0.0,0.0,0.0,9.0,0.0,0.0,3.0,0.0,1.0,0.0,0.0,29.037037037037035,0.0,5.0,21.0,19.76470588235294,1113.547471162378,14.0,13.0,178.18791946308724,82.8169014084507,75.91999999999999,17.142857142857142,3.75,12.071428571428571,67.5,0.0,38.12121212121212,105.95098039215686,231.71186440677968,113.99999999999997,46.800000000000004,10.799999999999999,0.0,1.0,0.0,0.0,0.0,0.0,0.0,0.0,0.0,0.0,0.0,0.0,0.0,0.0,0.0,0.0,0.0,0.0,56.94545454545454,0.0,5.0,4.0,0.0,0.0,0.0,0.0,0.0,0.0,0.0,0.0,5.0,0.0,0.0,2.0,0.0,0.0,0.0,0.0,0.0,0.0,0.0,3.0,0.0,0.0
Metal Product Industry,35.0,2.0,0.0,10.5,6.0,6.666666666666666,326.9685534591195,56.94545454545453,5.999999999999999,2.0,73.22033898305085,5.0,3.0,2.0,113.92105263157895,4.0,24.0,10.0,33.0,3092.33386126069,44.04255319148936,5.0,1556.6937931034483,379.8198198198198,383.6641414141414,30.0,20.0,1377.5820029027575,41.02325581395349,2.0,126.79069767441858,1715.7757901013715,598.5978835978837,1439.6410978184374,30.0,320.4589235127478,5.0,15.0,2.0,0.0,7.199999999999999,0.0,3.0,2.0,11.666666666666666,1.0,0.0,2.9999999999999996,5.142857142857142,5.0,0.0,0.0,0.0,6.0,77.0,6.0,54.0,296.9728813559322,0.0,2.5,1.0,1.0,2.0,2.0,0.0,0.0,16.0,1.0,244.13636363636365,16.0,19.950000000000003,16.055555555555554,1.0,,4.499999999999999,0.0,0.0,0.0,10.0,0.0
Electrotechnical Industry,7.0,0.0,0.0,11.0,3.0,2.0,26.303030303030305,3.0,7.0,2.0,1.0,4.0,3.0,6.0,26.068965517241377,3.0,4.0,11.0,48.0,20.0,159.47540983606558,33.0,56.905660377358494,12.0,48.0,4.0,9.0,20.0,11.0,0.0,13.0,54.26086956521739,6.0,49.945945945945944,7.0,51.9622641509434,23.79310344827586,10.266666666666667,2.0,0.0,24.375,2.0,7.111111111111111,11.0,1.0,4.0,0.5,210.79505300353355,25.892857142857142,0.0,3.0,2.0,9.0,0.0,8.0,16.0,152.0,3.0,4.0,1.0,3.0,0.0,1.0,0.0,0.0,36.05128205128206,1.0,6.0,21.0,13.722222222222221,347.02639296187687,7.714285714285714,0.0,0.0,0.0,1.4999999999999998,0.0,5.25,2.0,0.0
Electrical Device Industry,5.0,0.0,0.0,3.2,3.0,10.434782608695652,10.0,5.0,15.0,0.0,0.0,2.0,2.9999999999999996,1.0,9.0,2.0,8.0,2.9999999999999996,6.999999999999999,21.000000000000004,17.0,78.83333333333333,28.038461538461537,51.962264150943405,46.0,0.0,2.333333333333333,63.3921568627451,2.0,0.0,6.0,114.66666666666667,9.0,145.42168674698794,0.0,44.0,20.0,9.0,2.0,0.0,19.950000000000003,0.0,5.833333333333334,11.0,0.0,0.0,0.0,45.57999999999999,15.0,0.0,8.0,4.0,0.0,2.0,31.023255813953487,15.0,433.9232409381663,141.02739726027397,7.0,0.0,3.0,0.0,0.0,1.0,0.0,2.0,4.0,2.0,13.0,8.88888888888889,11.916666666666666,6.857142857142857,0.0,0.0,0.0,11.916666666666668,0.0,3.0,2.0,0.0
Machine Industry,269.811320754717,10.0,4.0,21.0,10.833333333333332,7.157894736842105,142.13333333333333,14.117647058823529,2.0,10.0,27.0,28.03333333333333,10.0,30.0,156.46408839779005,23.61111111111111,65.72972972972973,34.0,119.02439024390245,256.77685950413223,133.0,30.88235294117647,1776.5175202156333,176.09433962264148,115.0,15.0,12.666666666666668,214.95145631067962,69.1566265060241,4.0,55.111111111111114,282.03460207612454,48.0,236.19011406844106,121.92105263157892,249.98031496062993,122.1492537313433,43.18518518518518,13.125,0.0,56.095238095238095,4.0,9.0,9.0,18.88888888888889,0.0,0.0,32.083333333333336,0.0,0.0,2.0,0.0,0.0,0.0,22.0,0.0,43.0,94.0,10.0,4.0,7.777777777777778,0.0,91.98913043478261,5.0,4.0,0.0,17.0,5.0,102.14876033057851,7.0,10.0,4.0,2.0,,0.0,2.25,0.0,0.0,7.0,0.0
Car Industry,4.0,0.0,0.0,0.0,0.0,0.5,0.0,0.0,0.0,0.0,0.0,0.0,0.0,0.0,0.0,0.0,0.0,0.0,0.0,5.0,0.0,0.0,3.0,1278.863723608445,6.0,0.0,0.0,0.0,0.0,0.0,4.0,7.0,0.0,2.25,280.43951612903226,38.0,3.0,9.333333333333332,0.0,0.0,1.0,0.0,0.0,2.0,0.0,0.0,0.0,0.0,2.9999999999999996,0.0,0.0,1.0,0.0,0.0,0.0,2.0,15.0,5.0,0.0,0.0,0.0,0.0,0.0,0.0,0.0,0.0,0.0,0.0,0.0,0.0,0.0,0.0,0.0,0.0,0.0,0.0,0.0,0.0,0.0,0.0
Remainder Transport Devices Industry,0.0,0.0,0.0,0.0,0.0,0.0,0.0,0.0,0.0,0.0,0.0,0.0,0.0,0.0,0.0,0.0,0.0,0.0,2.6666666666666665,0.0,24.857142857142858,0.0,1.0,0.0,338.11111111111114,0.0,0.0,29.000000000000004,0.0,0.0,0.0,0.0,1.0,4.0,9.0,14.0,5.0,35.806451612903224,9.777777777777779,0.0,0.0,0.0,0.0,0.0,0.0,0.0,0.0,20.72727272727273,0.0,0.0,0.0,0.0,0.0,0.0,0.0,0.0,0.0,0.0,0.0,0.0,0.0,0.0,0.0,0.0,0.0,0.0,0.0,0.0,24.959999999999997,0.0,0.0,0.0,0.0,0.0,0.0,0.0,0.0,3.0,0.0,0.0
Furniture Industry,5.0,0.0,0.0,2.0,0.0,2.9999999999999996,6.0,3.0,0.0,0.0,30.250000000000004,1.0,0.0,0.0,3.3333333333333335,0.0,1.0,3.0,3.0,2.0,1.0,2.0,4.0,13.2,14.0,136.2013422818792,7.5,11.916666666666668,2.9999999999999996,0.0,0.0,52.94117647058824,0.0,3.0,6.0,33.391304347826086,65.93650793650794,7.0,4.0,1.0,6.0,0.0,10.0,18.0,0.0,1.0,3.0,1.0,1.0,0.0,0.0,0.0,0.0,17.0,0.5,2.0,2.0,0.0,0.0,1.0,1.0,0.0,2.0,1.0,0.0,0.0,0.0,1.0,3.0,6.0,,2.0,0.0,0.0,1.0,0.0,0.0,5.0,2.0,0.0
Remainder of Industry,68.10810810810813,16.0,0.0,0.0,0.0,0.0,2.0,0.0,2.0,9.0,4.0,5.0,3.0,0.0,2.6666666666666665,0.0,0.0,0.0,0.0,6.999999999999999,4.0,5.0,13.0,2.0,5.0,5.0,182.0,7.0,0.0,0.0,6.222222222222222,14.0,7.000000000000001,14.0,3.0,69.0,20.0,3.0,0.0,0.0,7.0,4.0,11.0,16.0,0.0,3.0,0.0,3.0,1.0,0.0,0.0,0.0,0.0,6.0,24.0,0.0,4.0,0.0,5.0,8.0,2.0,0.0,0.0,17.0,0.0,6.999999999999999,14.166666666666668,13.0,260.1030927835052,34.1025641025641,12.0,19.0,7.0,7.0,0.0,12.0,0.0,0.0,8.25,0.0
Reparation and Installation of Machines,327.6947040498442,8.0,8.0,112.1311475409836,15.0,18.441176470588236,276.80291970802915,30.0,2.0,8.0,10.0,57.84313725490196,24.0,58.00000000000001,321.69230769230774,28.0,46.93333333333334,63.0,288.496,151.9047619047619,35.0,61.89473684210526,388.96024464831805,16.0,702.5631067961166,8.0,7.0,332.92492492492494,130.0,6.0,102.96,125.0,94.98947368421052,268.0,0.0,236.65686274509804,153.8181818181818,95.8762886597938,78.0,865.3365384615386,100.96969696969697,1.0,33.0,111.98230088495575,5.0,0.0,0.0,33.0,102.00961538461537,8.0,4.0,4.0,6.0,0.0,77.0,22.956521739130437,193.93442622950823,57.0,23.0,8.0,3.0,1.0,135.81896551724137,8.0,0.0,33.0,28.0,11.0,252.90322580645162,5.0,13.0,7.0,1.0,1.0,1.0,3.0,0.0,4.0,16.0,0.0
Energy Companies,292.2111111111111,4.0,3.0,1087.7478991596638,22.166666666666664,7.875,226.67661691542287,10.0,163.70454545454544,12.0,11.428571428571429,46.21621621621622,14.0,124.45871559633028,695.388379204893,10.285714285714286,78.16901408450704,69.19354838709677,181.32885906040266,107.60869565217392,15.866666666666667,33.0,71.29032258064515,22.0,18.133333333333336,26.08695652173913,24.150000000000002,22.05,2133.4029995162073,36.0,87.46666666666665,25.090909090909093,15.0,42.0,109.39393939393939,410.62686567164184,551.6857749469214,142.32835820895522,6.999999999999999,5.333333333333333,121.0,13.75,107.68181818181819,201.6,9.0,12.1,4.0,85.04477611940298,50.4390243902439,21.235294117647058,31.999999999999996,27.884615384615383,16.07142857142857,55.0,167.9206349206349,42.108108108108105,56.64285714285714,31.32,23.1,16.625,10.90909090909091,5.0,12.923076923076922,13.714285714285714,8.0,1.0,24.31578947368421,27.173913043478258,255.75652173913045,176.53061224489795,110.25,145.06666666666666,47.0,30.0,42.0,99.94285714285715,70.95652173913045,5.0,65.88333333333333,0.0
Water Pipe Company ,37.0,0.0,0.0,3.0,12.0,23.210526315789473,71.06060606060606,5.0,17.0,0.0,3.0,1.0,1.0,9.333333333333332,36.94736842105263,10.0,8.0,6.0,43.13513513513514,5.0,4.0,1.0,6.0,1.3333333333333333,0.0,1.0,5.333333333333333,3.0,12.0,12.0,26.0,3.0,2.0,9.0,6.249999999999999,16.0,12.0,4.0,0.0,0.0,2.0,1.0,22.166666666666664,8.0,2.0,1.0,0.0,1.0,1.0,2.0,8.166666666666666,6.999999999999998,5.0,0.0,10.909090909090908,8.0,17.88235294117647,2.0,1.0,5.333333333333333,1.0,1.0,0.0,2.0,0.0,2.0,1.0,2.0,39.951219512195124,13.0,20.0,22.0,7.0,1.0,0.0,13.0,8.0,1.0,10.0,0.0
"Sewerage, Waste, Sanitation",401.4148936170213,0.0,2.0,6.999999999999999,11.0,1.0,194.0,7.0,6.25,2.9999999999999996,1.0,30.545454545454543,8.0,12.0,264.2185430463576,2.0,115.87786259541984,118.97435897435898,572.9300225733634,257.16887417218544,19.0,22.0,25.0,5.0,2.0,3.0,3.3333333333333335,6.0,21.05263157894737,2.9999999999999996,1988.8686753837408,93.83695652173913,124.0,94.92134831460673,14.933333333333335,156.35036496350367,41.0,10.0,3.0,1.0,14.0,9.0,17.944444444444443,26.136363636363637,2.0,4.0,2.9999999999999996,18.88888888888889,15.0,1.0,12.0,19.0,22.8,2.0,47.04545454545455,15.0,203.0,10.90909090909091,10.285714285714286,3.0,2.0,0.0,4.0,6.0,3.0,0.0,3.0,9.0,992.0060790273557,48.02173913043479,113.0,59.035714285714285,9.0,9.0,4.0,31.935483870967733,9.0,0.0,3.0,0.0
General Building and Project Development,115.98260869565217,0.0,2.0,0.0,0.0,0.0,0.0,0.0,0.0,0.0,0.0,0.0,0.0,0.0,5.0,1.0,1.0,0.0,0.0,7.000000000000001,0.0,0.0,10.0,1.0,2.0,0.0,2.0,10.909090909090908,9.9,13.0,9.0,4132.8189756903475,755.8820826952526,504.9347368421052,6.0,88.0,22.0,7.0,1.0,2.0,68.0,2.0,13.0,13.0,0.0,1.0,0.0,43.89583333333333,7.0,0.0,4.0,4.0,3.0,2359.0,1824.0552735476595,24.0,228.0,421.03631961259083,2.0,1.0,2.0,0.0,0.0,1.0,0.0,0.0,1.0,1.0,266.02909090909094,302.98679867986795,89.04255319148938,168.97590361445785,4.0,1.0,7.0,26.0,13.0,0.0,3.0,0.0
"Ground, Water and Road Building",6.0,6.0,1.0,1.0,4.0,209.77407407407406,0.0,0.0,0.0,0.0,0.0,0.0,0.0,11.0,10.0,0.0,3.0,0.0,0.0,20.045454545454547,0.0,0.0,15.0,3.0,3.0,10.0,3.0,13.0,892.1587462082912,33.939393939393945,4.0,1295.668761220826,963.2285368802904,794.8190743338008,3.0,87.96511627906978,14.0,47.0,0.0,0.0,401.2010723860591,0.0,7.0,20.0,0.0,0.0,1.0,237.12389380530973,0.0,0.0,0.0,0.0,0.0,27.0,57.0,0.0,6.0,132.0,4.8,0.0,0.0,0.0,0.0,0.0,0.0,1.0,0.0,0.0,1710.5849486887114,12.0,3.0,25.0,0.0,1.0,0.0,6.0,0.0,0.0,0.0,0.0
Specialized Building,233.04166666666666,4.0,1.0,8.0,1.0,1.0,71.05263157894736,6.0,1.0,6.0,4.0,13.0,9.0,6.0,99.00000000000001,12.0,14.0,8.1,34.94117647058824,34.0,5.0,1.0,27.0,9.0,27.333333333333332,3.0,10.0,11.0,45.77586206896551,11.0,27.999999999999996,9376.905071196601,3635.7777087860914,5004.493806065784,19.0,141.0,122.976,54.21428571428572,14.933333333333334,13.0,204.85849056603772,6.0,28.0,39.0,4.0,4.0,1.0,274.95138888888886,28.0,1.0,16.0,18.0,12.0,3137.032258064516,2557.9317092651754,15.0,265.8387096774194,93.0,32.0,9.0,4.0,1.0,24.0,14.0,0.0,3.0,23.0,11.0,720.0462962962963,418.06451612903226,139.0,245.96652719665272,24.045454545454543,6.0,20.0,60.0,27.0,2.0,13.0,0.0
Car sales and reparation,66.96969696969697,3.2,0.0,7.0,3.0,4.0,81.0,5.0,0.0,6.0,9.0,4.0,7.0,2.9999999999999996,21.0,2.9999999999999996,9.0,17.88235294117647,10.833333333333334,44.0,5.0,6.0,28.0,39.951219512195124,5.0,18.0,11.916666666666668,23.04,3.0,5.0,103.1578947368421,67.91304347826087,44.0,193.95360824742266,2635.7339920948616,435.56294536817103,126.82926829268295,709.2400589101619,0.0,0.0,72.0,41.142857142857146,5.0,30.96774193548387,8.0,9.0,2.0,39.0,50.98039215686274,7.0,46.958333333333336,54.0,35.94285714285714,0.0,55.07843137254902,52.0,259.8313253012048,55.00000000000001,7.0,31.111111111111114,22.916666666666668,2.0,1150.2439024390246,20.086956521739133,3.0,19.950000000000003,71.07692307692308,12.0,121.09374999999999,90.95454545454545,73.05194805194806,56.0,27.04,11.076923076923078,3.0,40.97560975609757,36.00000000000001,4.0,13.0,0.0
Wholesale,237.7543859649123,6.0,3.0,24.96,12.0,14.0,665.6101426307448,82.0,15.65217391304348,34.064516129032256,29.037037037037035,222.54545454545456,55.06779661016949,50.0,479.1592920353982,49.52173913043478,116.1290322580645,77.0,425.8546365914787,137.9856115107914,80.0877192982456,136.00000000000003,368.8199445983379,78.0,46.0,27.0,33.0,53.929824561403514,110.77477477477477,5.0,323.9301587301587,150.0,69.04109589041096,212.0,71.0,3474.3250414593704,570.7360861759427,97.19672131147541,33.0,29.0,139.9555555555556,54.15384615384615,50.04255319148936,106.00925925925927,75.69491525423729,27.09677419354838,10.714285714285714,138.10810810810813,629.1830508474577,110.13333333333335,18.0,30.937499999999996,39.8125,0.0,113.21705426356588,142.2754491017964,513.8379204892967,178.14210526315787,34.0,51.886792452830186,56.432432432432435,2.0,139.825,62.059701492537314,30.0,8.0,40.08888888888889,41.166666666666664,226.03404255319148,30.90909090909091,57.0,58.859649122807014,15.11111111111111,12.0,5.0,22.0,23.111111111111107,10.0,18.0,0.0
Retail - not cars,6.0,0.0,0.0,0.0,1.0,0.0,10.0,2.0,0.0,1.0,2.0,4.0,2.0,0.0,11.0,0.0,6.0,4.0,3.0,2.9999999999999996,6.0,6.0,4.0,2.0,0.0,1.0,0.0,4.0,1.0,0.0,3.0,0.0,5.0,14.0,8.0,51.0,958.9085963003264,13.0,2.0,0.0,5.999999999999999,9.0,3.0,6.0,0.0,0.0,0.0,175.89595375722547,4.0,0.0,5.0,3.0,3.0,0.0,11.0,5.0,47.84,7.0,0.0,4.0,28.0,0.0,18.0,0.0,0.0,0.0,11.0,0.0,11.0,7.0,6.0,0.0,4.0,5.0,3.0,6.0,4.0,0.0,1.0,0.0
Transport over land,89.02325581395348,0.0,2.0,13.0,5.0,2.0,59.9516129032258,12.0,2.0,8.0,2.0,11.0,11.076923076923078,117.05600000000001,97.98507462686568,5.0,13.0,9.0,16.0,37.0,39.0,27.999999999999996,28.03333333333333,16.0,8.0,5.0,2.0,2.0,9.9,0.0,432.99999999999994,20.0,24.0,32.96969696969697,116.0,1015.267548321465,159.0,5597.305531621576,26.0,17.0,199.0783410138249,7.7142857142857135,7.0,11.0,12.0,18.0,7.0,26.0,31.058823529411764,4.0,18.0,33.0,23.0,0.0,12.0,12.0,160.76712328767127,9.0,6.0,7.0,6.0,0.0,20.0,15.0,298.05825242718447,1.0,3.0,5.0,221.06926406926408,59.0,122.95798319327731,142.0,10.0,6.0,1.0,18.0,40.0,0.0,6.0,0.0
Transport over water,0.0,0.0,0.0,0.0,0.0,0.0,0.0,0.0,0.0,0.0,0.0,0.0,0.0,0.0,2.0,0.0,0.0,0.0,0.0,0.0,0.0,0.0,2.0,0.0,7.0,0.0,0.0,0.0,0.0,0.0,0.0,0.0,0.0,0.0,0.0,232.0,0.0,161.4225352112676,553.4672,0.0,79.8481012658228,0.0,0.0,0.0,0.0,0.0,0.0,0.0,0.0,0.0,0.0,0.0,0.0,0.0,0.0,0.0,0.0,0.0,0.0,0.0,0.0,0.0,0.0,0.0,35.0,0.0,0.0,0.0,0.0,0.0,0.0,0.0,0.0,0.0,0.0,0.0,0.0,0.0,0.0,0.0
Transport through air,10.0,2.0,0.0,0.0,0.0,0.0,7.0,1.0,0.0,1.0,0.0,0.0,1.0,0.0,3.0,1.0,0.0,1.0,0.0,1.0,7.0,1.0,1.0,0.0,2.0,0.0,1.0,833.0,2.0,1.0,0.0,1.0,0.0,3.0,3.0,20.0,9.0,2.0,0.0,126.91525423728815,61.22641509433962,9.6,2.0,2.0,0.0,1.0,1.0,18.0,4.0,1.0,5.0,4.0,0.0,0.0,9.0,3.0,92.50632911392404,2.0,1.0,0.0,0.0,0.0,0.0,1.0,723.7402597402597,0.0,0.0,1.0,26.962962962962962,20.0,50.08695652173913,24.045454545454547,2.0,1.0,4.0,2.0,3.0,0.0,1.0,0.0
"Storage, Services, and Transport",59.983333333333334,0.0,9.0,38.26086956521739,0.0,2.0,58.0,3.0,2.0,5.0,1.0,0.0,2.0,427.04306220095697,222.85388127853878,0.0,3.0,4.0,4.0,4.0,10.0,1.0,2.0,2.0,6.0,0.0,2.0,2.0,42.900000000000006,0.0,7.0,8.0,4.0,14.0,73.6969696969697,663.3522906793049,68.09836065573771,522.3235294117648,412.0166666666666,580.7086614173228,4244.935052298711,15.272727272727273,5.0,6.0,3.0,2.0,1.0,21.0,32.0,2.0,7.875,16.0,12.0,0.0,4.0,5.0,68.0,7.0,0.0,8.0,6.0,1.0,5.833333333333334,7.0,0.0,1.0,2.0,68.0,211.97156398104264,7.0,3.0,6.0,6.0,2.0,0.0,0.0,0.0,2.0,8.0,0.0
Post and couriers,26.0,0.0,2.0,1.0,0.0,1.0,21.0,2.0,0.0,1.0,2.0,3.0,4.0,3.0,10.0,4.0,2.25,6.0,3.0,12.071428571428573,7.0,0.5,16.0,4.0,3.0,2.0,7.0,9.0,19.0,3.0,3.0,23.0,8.0,36.94736842105263,26.0,266.4274809160305,157.0,123.62831858407078,5.0,3.0,32.94117647058823,1007.8414496036239,12.000000000000002,23.958333333333336,45.120000000000005,8.0,3.0,59.15151515151514,31.0,5.0,58.95081967213115,23.999999999999996,19.833333333333332,0.0,103.10909090909092,34.00000000000001,55.00000000000001,18.0,5.0,13.928571428571429,12.0,1.0,11.0,13.0,5.0,9.0,10.0,5.142857142857142,348.84375,108.40163934426229,89.78021978021977,148.7972972972973,20.045454545454543,12.0,5.0,15.0,27.964285714285715,2.0,9.0,0.0
Lodging,3.0,0.0,0.0,4.0,1.0,2.0,27.0,4.0,1.0,2.0,4.0,3.0,3.0,3.0,12.0,2.0,5.0,5.0,5.0,15.0,11.0,11.0,22.736842105263154,5.0,3.0,3.0,6.0,6.0,9.0,1.0,5.0,10.0,7.0,25.0,27.0,154.77124183006535,52.94545454545454,29.96666666666667,7.0,16.0,10.0,5.0,153.81818181818184,58.69811320754716,14.0,15.0,6.0,19.047619047619044,45.23076923076923,4.0,33.88235294117647,32.96969696969697,26.923076923076923,0.0,13.0,43.92857142857142,105.53846153846152,25.0,9.0,5.0,4.0,2.0,7.0,54.964285714285715,56.66666666666667,3.0,17.88235294117647,6.0,64.02985074626866,45.99999999999999,56.03389830508474,40.97560975609757,12.0,5.0,0.0,11.0,8.0,1.0,5.0,0.0
Restaurants and Bars,6.0,1.0,0.0,7.7142857142857135,1.0,1.0,70.04054054054053,18.0,2.25,3.0,3.0,2.0,6.666666666666667,6.0,37.81818181818182,3.0,10.0,7.0,8.88888888888889,18.0,29.708333333333336,31.679999999999996,26.0,6.125,9.09090909090909,4.0,9.0,7.0,20.705882352941178,2.0,8.0,18.0,5.142857142857142,34.647058823529406,28.0,246.9047619047619,49.93750000000001,47.91666666666667,8.0,347.00000000000006,39.09302325581395,8.0,28.0,83.75,10.90909090909091,21.0,10.0,22.0,53.169230769230765,8.0,49.17073170731708,43.0,32.0,0.0,18.0,42.954545454545446,166.77777777777777,16.26086956521739,17.0,13.0,14.0,1.0,18.0,13.333333333333334,36.0,4.0,72.91666666666667,13.5,127.089552238806,31.96875,379.80769230769226,285.83673469387753,9.0,5.0,7.0,60.93103448275862,27.999999999999996,0.0,7.875,0.0
Publishers,3.0,0.0,0.0,2.0,1.0,1.0,29.119999999999997,4.0,0.0,3.0,5.0,10.0,14.0,1.0,15.9375,5.0,7.0,2.0,5.0,16.0,8.0,1.0,16.0,5.0,10.000000000000002,8.166666666666666,9.0,10.0,8.0,1.0,10.0,17.0,10.285714285714286,27.034482758620687,28.038461538461537,204.84375,72.0,29.076923076923077,3.0000000000000004,1.0,32.0,inf,11.076923076923078,43.0,318.9526462395543,11.076923076923078,7.0,29.272727272727273,96.91578947368421,5.0,49.919999999999995,29.999999999999996,20.999999999999996,0.0,46.0,37.05,77.79487179487181,18.0,33.0,274.9343629343629,7.777777777777778,0.0,10.0,25.0,12.0,1.5,15.88888888888889,13.0,247.27272727272728,407.9901234567901,170.27027027027026,97.84375,5.0,17.0,1.0,3.0,14.0,2.0,9.0,0.0
"Production of Movies, TV, Radio, Music",0.0,0.0,0.0,0.0,0.0,0.0,1.0,1.0,0.0,0.0,0.0,0.0,1.0,0.0,2.0,0.0,1.0,0.0,1.0,1.0,1.0,3.0,1.0,0.0,0.0,0.0,0.0,1.0,1.0,0.0,0.0,3.0,0.0,5.0,8.0,22.857142857142858,18.0,0.0,0.0,2.0,2.0,1.0,1.0,6.0,40.3448275862069,277.87072243346006,163.9074074074074,4.0,7.0,0.0,8.0,3.0,2.0,0.0,9.0,5.0,11.0,9.0,3.0,908.6911242603552,3.0,0.0,38.0,4.0,1.0,0.0,2.0,3.0,45.0,2.0,4.999999999999999,2.0,1.0,3.0,2.0,2.0,2.0,0.0,3.0,0.0
Broadcasting radio and television,4.0,0.0,0.0,0.0,0.0,0.0,37.050000000000004,8.0,3.0,4.0,0.0,5.0,3.0,0.0,6.0,4.0,6.0,2.0,5.0,7.0,7.0,9.0,8.0,0.0,0.0,4.0,8.0,5.0,4.0,0.0,2.0,10.0,0.0,15.0,24.0,61.01587301587302,54.0,5.0,0.0,5.0,5.142857142857142,4.0,5.0,14.0,21.0,77.08571428571429,46.0,11.0,27.999999999999996,6.0,19.0,11.142857142857144,10.0,0.0,27.000000000000004,18.0,30.0,14.0,9.0,289.92332268370603,6.0,0.0,14.0,15.0,4.0,0.0,6.0,11.0,22.0,11.0,6.0,8.0,7.0,5.0,5.0,7.0,9.0,0.0,7.0,0.0
Telecommunication,68.0,0.0,4.0,1.0,4.0,2.0,51.0,5.0,1.0,6.0,7.0,12.0,16.0,6.0,26.0,6.0,14.0,12.0,6.0,32.0,24.0,5.0,42.0,10.0,10.0,15.0,17.0,23.0,44.10000000000001,9.0,18.0,84.96385542168674,32.0,153.01333333333332,83.09333333333335,492.0559139784947,228.10232558139532,63.0,20.0,20.0,90.98901098901099,16.875,27.0,71.01449275362319,43.0,13.0,5.0,100.21052631578948,76.0,9.0,403.9925373134328,85.0,60.93103448275861,5.0,300.06228373702425,121.0,640.3943161634103,101.09890109890111,15.0,42.044444444444444,38.86363636363636,5.0,28.079999999999995,41.0,13.928571428571429,14.0,34.064516129032256,30.0,239.24770642201835,154.0,254.0987654320988,182.02840909090907,60.0,57.0,28.0,110.00925925925925,86.01190476190476,6.0,29.032258064516125,0.0
IT-services,59.0,1.0,3.0,14.0,3.0,6.0,98.00000000000001,18.0625,3.0,3.0,4.0,30.555555555555554,23.0,15.0,328.0,19.950000000000003,19.0,18.0625,28.0,43.97727272727273,73.0,18.94736842105263,57.85714285714286,8.1,27.130434782608695,8.0,17.0,32.0,83.0,16.0,27.0,97.05494505494507,110.09708737864077,166.0,95.08988764044945,2012.4776200873362,215.93627450980392,62.06060606060606,131.39823008849558,67.26923076923077,122.98360655737704,26.0,66.0,109.0,103.0,64.0,49.090909090909086,594.6440677966101,6162.880015582392,722.937019969278,334.1086956521739,170.0119760479042,100.0,0.0,205.12565445026178,183.96721311475412,910.9086419753086,451.77227722772284,116.0,47.99999999999999,43.12,8.0,102.41379310344827,271.3591836734694,25.0,42.108108108108105,63.12727272727273,49.02127659574468,1089.9447513812154,287.0106007067138,126.0,127.08620689655172,51.06382978723405,29.037037037037038,2.0,45.99999999999999,53.0,35.0,23.0,0.0
Services in the area of information,14.0,0.0,0.0,1.0,1.0,3.0,35.696969696969695,4.0,3.0,4.0,0.0,7.0,7.0,0.0,53.99999999999999,5.0,11.0,5.0,7.0,18.0,31.0,17.0,17.0,5.0,2.0,5.0,1.0,6.0,20.0,6.0,6.0,23.0,7.0,17.0,33.0,160.16058394160584,60.851851851851855,15.0,5.0,36.4,15.0,8.0,3.0,28.125,37.0,34.0,17.0,59.92982456140351,638.7692307692307,104.48780487804878,160.08904109589042,69.97101449275362,25.0,0.0,44.87804878048781,39.0,157.0,32.30769230769231,1.0,32.0,15.0,0.0,31.0,18.0,15.166666666666666,16.0,1.0,24.869565217391305,141.12213740458014,19.894736842105264,24.0,14.0,3.0,1.0,3.0,8.0,30.0,6.0,14.181818181818182,0.0
Banking Sector,155.76158940397352,,4.0,130.68115942028984,12.0,52.92857142857144,542.4149908592321,42.82222222222222,10.0,28.999999999999996,25.0,73.01408450704224,44.0,237.70954356846474,428.65437788018437,44.93617021276596,71.97183098591549,62.00000000000001,60.90322580645161,184.66310160427807,329.7906976744186,99.69230769230768,235.7983193277311,63.96923076923077,79.94047619047619,30.999999999999996,62.0,79.90243902439025,188.78494623655914,19.950000000000003,106.85714285714285,271.6521739130435,127.84496124031007,294.3032258064516,186.8974358974359,1327.1937299035371,371.7073170731707,234.72961373390558,74.8961038961039,92.93617021276596,216.96279069767445,85.99999999999999,84.90361445783132,148.97260273972603,50.92592592592593,53.99999999999999,17.0,153.68553459119497,321.56231003039517,33.03225806451613,4045.897036358081,3506.0599536270292,574.0,23191.104234245926,428.1212814645309,166.76470588235293,979.4137022397892,129.78947368421052,58.0,74.44554455445544,37.90243902439025,6.0,138.78260869565216,243.46245059288538,93.78571428571429,15.0,88.95505617977527,40.93023255813954,1626.8646288209607,189.0,428.73333333333335,421.6650717703349,57.0,18.133333333333333,19.950000000000003,87.91111111111111,299.1378091872792,10.0,50.0,0.0
Insurers and Pension Funds,108.0353982300885,0.0,3.0,3.0,0.0,0.0,47.0,6.0,1.0,5.0,6.0,5.0,7.0,3.0,18.0,4.0,9.0,12.222222222222223,2.0,16.0,10.153846153846153,5.444444444444445,15.058823529411764,4.0,6.0,10.0,7.0,13.928571428571429,11.0,2.0,23.0,25.0,15.0,57.9344262295082,39.260869565217384,294.7548387096774,111.10084033613445,73.10126582278481,13.200000000000001,8.571428571428571,29.032258064516125,3.0,25.875,17.099999999999998,7.0,9.0,2.0,10.0,48.166666666666664,9.9,108.21186440677964,193.9259259259259,29.935483870967744,105.8348623853211,115.37984496124031,35.92105263157895,85.82954545454545,43.90909090909091,13.0,15.0,8.0,3.0,111.10169491525423,26.129032258064512,9.142857142857142,9.0,12.0,7.000000000000001,2022.7677419354839,19.125,8.0,9.0,1.0,1.0,0.0,6.0,2.0,6.249999999999999,17.099999999999998,0.0
Remainder of Financial Services,10.0,0.0,0.0,1.0,0.0,1.0,24.0,1.0,0.0,1.0,3.0,6.0,1.0,1.0,24.0,0.0,5.0,2.0,4.0,2.0,9.0,11.0,7.0,4.0,3.0,1.0,2.0,1.0,6.0,2.0,0.0,2.0,3.0,4.0,2.0,47.0,16.0,10.0,3.0,0.0,6.0,11.0,4.0,10.0,1.0,3.0,0.0,4.0,4.0,2.0,1759.0,3306.3022727272723,0.0,74.0,10.0,7.0,94.99999999999999,5.0,5.0,0.0,2.0,2.0,34.0,3.0,3.0,1.0,2.0,2.0,75.96153846153847,29.999999999999996,61.0,53.0,1.0,1.0,2.0,0.0,17.0,0.0,9.0,0.0
Rental value property ownership,0.0,0.0,0.0,0.0,0.0,0.0,0.0,0.0,0.0,0.0,0.0,0.0,0.0,0.0,0.0,0.0,0.0,0.0,0.0,0.0,0.0,0.0,0.0,0.0,0.0,0.0,0.0,0.0,0.0,0.0,0.0,0.0,0.0,0.0,0.0,0.0,0.0,0.0,0.0,0.0,0.0,0.0,0.0,0.0,0.0,0.0,0.0,0.0,0.0,0.0,0.0,0.0,0.0,0.0,0.0,0.0,0.0,0.0,0.0,0.0,0.0,0.0,0.0,0.0,0.0,0.0,0.0,0.0,0.0,0.0,0.0,0.0,0.0,0.0,0.0,0.0,0.0,0.0,0.0,0.0
Exploitation real estate,4.0,0.0,0.0,22.080000000000002,8.0,12.0,237.60775862068965,26.0,1.0,32.0,46.869565217391305,41.0,57.064516129032256,28.147058823529413,130.03676470588235,15.157894736842104,77.0,61.9672131147541,35.0,253.0,70.05333333333333,56.050000000000004,189.00000000000003,11.0,61.0,60.760000000000005,47.67441860465116,56.0,100.0754716981132,2.0,75.02564102564102,371.7485549132948,84.54929577464789,333.94654088050316,609.892026578073,994.0711462450593,4274.779797026198,138.93129770992365,9.0,42.95238095238095,575.7731239092495,55.017543859649116,423.83454987834546,906.7381489841986,55.00000000000001,75.97333333333333,15.0,195.15887850467286,457.8896247240618,60.0,307.99032258064517,155.96129032258065,145.93478260869563,36.0,1907.2097560975608,518.9847908745247,666.9791666666666,250.91769547325103,122.98387096774192,178.0,45.0,12.0,132.02941176470588,241.00000000000003,61.83050847457626,17.0,71.97183098591549,54.0,109.00000000000001,241.04032258064515,123.952,842.6889952153108,16.0,15.0,1.0,72.98630136986301,125.93548387096773,22.916666666666668,197.94871794871793,0.0
Legal services and administration,247.968,0.0,5.0,6.0,3.0,5.25,232.96,12.0,1.0,9.0,12.0,35.0,24.0,8.0,210.82653061224488,22.0,41.0,12.0,20.0,64.0,82.0,64.0,74.05797101449275,26.0,17.88235294117647,14.0,19.0,37.0,50.89361702127659,12.0,26.0,88.0,75.97402597402598,115.0,66.98507462686567,1223.433620689655,447.87735849056617,137.8125,38.0,30.81481481481481,92.96703296703298,101.86813186813187,48.97959183673469,98.0,28.999999999999996,32.0,22.0,45.0,161.03896103896102,19.058823529411764,595.5164233576642,345.1080332409972,273.8403041825095,0.0,203.03773584905665,407.92931937172773,1778.108527131783,82.0,27.0,250.92741935483872,88.18181818181819,4.0,37.0,258.0811808118081,62.0,6.0,26.0,150.92957746478874,1355.1837606837605,632.9605055292259,174.24870466321244,172.0,96.96842105263157,58.98305084745764,14.0,103.0,257.0,38.85714285714286,35.0,0.0
Holdings and management advice companies,91.0,0.0,2.0,79.875,14.0,64.76190476190476,865.1162790697673,130.97014925373134,10.285714285714286,67.09333333333333,49.0,269.0,93.0,62.04545454545455,1044.6573576799142,209.69795918367348,182.0,117.66972477064219,70.01470588235294,289.01408450704224,280.5121951219512,487.7413333333333,901.6522811344021,157.28813559322035,99.45945945945945,62.08955223880597,48.958333333333336,215.9238095238095,152.9078014184397,28.903225806451612,100.0,360.0947368421052,218.96226415094338,504.0,343.9941690962099,7105.56090133983,878.0,725.0215633423181,184.1158536585366,190.6758620689655,491.8769931662869,492.88008565310486,213.82775119617227,255.1964912280702,176.2469135802469,165.96363636363637,79.02439024390243,408.15843621399176,1537.9378881987582,484.07524752475246,616.2689075630251,341.9368131868132,393.0077120822622,2.0,655.0060606060606,1428.8862629246676,4190.246800731261,760.0,271.0887096774194,314.0,354.95415472779365,19.0,177.28467153284672,448.0,139.0,72.3370786516854,208.0497512437811,296.43939393939394,1171.0,229.0128755364807,174.16666666666663,141.05263157894737,57.0,40.0,5.0,63.01538461538462,203.98039215686273,16.0,63.01538461538462,0.0
Architects and Engineering Companies,48.0,0.0,2.0,21.56,9.0,140.24590163934425,128.0,8.0,2.0,4.0,5.833333333333334,18.0,11.0,99.18072289156628,133.0,17.0,16.941176470588232,8.0,12.0,68.02816901408451,22.956521739130437,45.0,101.85555555555555,22.0,27.0,11.0,9.0,31.86206896551724,81.9753086419753,41.0,1.0,486.0721442885771,332.01780415430267,363.8319327731092,81.0,291.1729323308271,127.08333333333333,33.0,11.0,2.0,116.92307692307692,20.0,10.0,23.958333333333336,5.0,1.0,1.0,58.00000000000001,18.0,11.0,34.0,58.0,40.95,49.93750000000001,230.90090090090092,27.0,459.87096774193554,943.8475540386803,25.0,22.0,28.999999999999996,2.0,20.900000000000002,26.0,22.0,2.0,6.0,11.0,552.1118881118882,43.0,19.0,8.0,9.0,7.0,4.0,9.0,58.00000000000001,4.0,11.0,0.0
Research,4.0,0.0,0.0,3.75,0.0,9.0,84.26262626262627,2.0,0.0,2.0,0.0,6.0,0.0,36.0,174.0,25.0,2.0,2.0,2.0,9.0,21.0,110.4155844155844,61.0,7.0,3.0,4.0,10.0,0.0,3.0,6.0,0.0,7.0,8.0,4.0,16.07142857142857,64.0,23.047619047619047,4.0,4.0,0.0,1.0,3.0,1.0,3.0,0.0,0.0,0.0,2.0,2.0,0.0,3.0,6.0,14.0,0.0,3.0,8.0,178.9090909090909,42.0,219.69230769230774,0.0,44.0,0.0,0.0,0.0,0.0,0.0,0.0,0.0,90.97826086956522,13.0,0.0,0.0,0.0,0.0,0.0,0.0,0.0,0.0,0.0,0.0
Advertising and market research,24.095238095238095,0.0,0.0,2.0,2.0,2.0,113.03389830508475,47.97916666666667,7.0,9.0,6.0,10.0,12.923076923076923,8.0,94.9787234042553,13.0,23.0,7.0,25.071428571428573,28.064516129032253,53.0,34.12500000000001,52.9811320754717,35.0,17.0,6.0,14.0,14.0,41.0,6.0,7.875,40.0,22.0,112.04237288135593,175.0056497175141,1387.0257326661902,597.0099667774086,58.0,16.875,30.24,41.99999999999999,17.944444444444443,36.02631578947369,100.0,99.1304347826087,156.48351648351647,25.862068965517242,141.8978102189781,306.6590909090909,40.95000000000001,234.0,107.0924369747899,68.00000000000001,0.0,121.1076923076923,147.0263157894737,333.10734463276845,85.00000000000001,33.0,877.40625,43.169811320754725,5.142857142857142,68.0,148.2456140350877,42.0,10.0,31.0,97.0,405.14578587699316,75.0,41.0,44.911111111111104,29.0,15.058823529411764,19.950000000000003,41.0,58.00000000000001,6.999999999999999,32.083333333333336,0.0
"Design, Photography, Translation Companies",23.0,0.0,0.0,4.0,0.0,1.0,50.89285714285714,6.0,3.0,3.0,0.0,13.0,17.1,5.0,60.04687500000001,4.0,10.0,5.0,11.0,13.0,23.0,22.148148148148145,25.0,6.0,20.0,3.0,8.88888888888889,13.846153846153845,8.0,1.0,10.0,25.0,18.857142857142854,36.0,71.0,354.04419889502753,198.01970443349754,40.0,17.099999999999998,24.0,33.108108108108105,17.0,27.0,62.0,41.16,50.11363636363637,30.138888888888893,29.999999999999996,184.1827411167513,96.82417582417582,81.95294117647059,80.26373626373625,34.971428571428575,0.0,89.0,45.87234042553192,494.00801603206406,39.0,22.0,151.12269938650306,368.4486873508353,0.0,40.0,31.81578947368421,23.91304347826087,16.0,27.0,44.0,277.21854304635764,82.0,18.0,49.0,27.0,22.0,6.0,21.954545454545453,31.000000000000004,15.0,15.0,0.0
Veterinary Services,311.87055016181233,0.0,0.0,0.0,0.0,0.0,0.0,0.0,0.0,0.0,0.0,0.0,0.0,0.0,0.0,0.0,0.0,0.0,0.0,0.0,0.0,0.0,0.0,0.0,0.0,0.0,0.0,0.0,0.0,0.0,0.0,0.0,0.0,0.0,0.0,0.0,0.0,0.0,0.0,0.0,0.0,0.0,0.0,0.0,0.0,0.0,0.0,0.0,0.0,0.0,0.0,0.0,0.0,0.0,0.0,0.0,0.0,0.0,0.0,0.0,0.0,0.0,0.0,0.0,0.0,0.0,0.0,0.0,7.0,0.0,0.0,0.0,0.0,17.0,0.0,5.0,0.0,0.0,0.0,0.0
Rental of Movable Property,46.07142857142857,1.0,2.0,12.0,3.0,8.0,114.0,31.000000000000004,0.0,1.0,6.857142857142857,24.4375,32.96969696969697,4.0,57.0,8.0,39.0,24.0,16.941176470588236,79.87012987012987,7.0,9.900000000000002,27.999999999999996,8.0,16.0,16.0,28.799999999999997,14.0625,88.04819277108433,8.0,57.0,154.0,179.0,306.90000000000003,30.24,570.6756756756756,63.0,124.58095238095237,57.61904761904762,88.0,88.17721518987341,95.0,8.0,34.137931034482754,5.818181818181818,94.0,66.0,58.653846153846146,213.0,9.9,84.0,65.96923076923076,33.10344827586207,0.0,40.02631578947369,64.02985074626865,234.00000000000003,38.94736842105264,15.0,17.0,43.82608695652174,9.0,222.99999999999997,6.999999999999999,8.0,16.0,48.86363636363637,59.0,56.0,41.02564102564103,43.0,109.0,28.96551724137931,17.0,6.0,73.15151515151516,30.0,8.0,20.0,0.0
Employment Agency and Labor Mediation,109.85567010309279,0.0,2.0,83.87654320987656,8.0,95.7875,1335.971223021583,88.0,7.0,67.58620689655172,67.77777777777779,69.10666666666667,76.0,35.0,379.8434065934066,139.6528925619835,220.58883248730965,189.65317919075144,174.60810810810813,609.6218236173394,155.82,170.63225806451612,773.2749658002737,381.14487632508843,226.89189189189185,73.0632911392405,60.851851851851855,288.95862068965516,522.3347639484978,35.84375,246.19157088122606,290.324200913242,194.95939086294413,1170.9498997995993,173.70186335403722,2090.4924831518924,744.4499999999999,907.2024691358024,171.85185185185188,41.80555555555556,810.0404858299595,167.60264900662253,205.56725146198832,374.20253164556965,97.05882352941174,43.0,34.1,205.0841121495327,98.34210526315789,48.0,447.93318485523383,240.38392857142853,172.8571428571429,0.0,321.6516129032259,246.031746031746,1351.6318339100346,734.4615384615385,180.6233766233766,120.92035398230088,45.0,6.0,193.75274725274727,1386.4466911764705,45.79487179487179,106.59793814432989,318.88958990536275,340.7813620071685,1253.0187793427228,1168.7103448275861,293.0718954248366,478.90909090909093,16.0,10.0,2.0,98.96907216494844,71.95714285714287,38.82352941176471,64.82142857142858,0.0
Travelling Agencies,0.0,0.0,0.0,0.0,0.0,0.0,7.0,2.0,1.0,0.0,0.0,0.0,1.0,0.0,2.0,0.0,2.0,0.0,0.0,0.0,2.0,1.0,3.0,0.0,0.0,0.0,0.0,0.0,2.0,1.0,0.0,1.0,0.0,5.0,6.0,45.0,19.0,14.0,10.0,361.5238095238095,2.0,0.0,160.0,27.0,1.0,2.0,2.0,0.0,6.0,0.0,7.0,89.01098901098902,3.0000000000000004,13.0,16.0,2.0,72.0,2.0,1.0,2.0,2.0,0.0,1.0,2.0,1900.0,0.0,2.0,1.0,31.0,13.0,3.0,3.0,22.0,16.0,17.0,76.0,7.0,0.0,1.0,0.0
Security and Search Services,1.0,0.0,0.0,2.0,1.0,1.0,32.0,1.0,0.0,2.0,3.0,17.0,2.0,4.0,33.87096774193548,4.0,8.0,5.0,7.0,12.0,6.0,6.0,11.916666666666668,5.0,3.0,4.0,9.0,5.0,7.0,9.0,4.0,11.0,5.0,15.0,12.0,72.0,189.01041666666666,49.91489361702128,11.0,3.0,401.12359550561797,19.0,30.0,34.0,6.0,2.0,1.0,17.0,10.0,1.0,15.0,13.0,9.0,3.0,35.0,12.0,72.97297297297298,8.0,5.0,4.0,3.0,1.0,6.0,6.0,1.0,127.01538461538462,92.0,5.0,273.2068965517242,242.07171314741035,5.0,11.0,12.0,17.0,10.0,34.0,3.0,0.0,5.0,0.0
Cleaning Companies,41.951219512195124,1.0,0.0,7.0,5.0,2.0,69.0,6.0,0.0,4.0,4.0,6.0,7.0,9.0,43.95348837209303,8.0,13.0,17.0,6.0,25.875000000000004,13.0,15.0,33.0,12.0,15.0,7.0,31.0,20.0,36.0,11.0,26.0,29.0,44.0,63.0,87.0,275.6374045801527,261.83266932270914,80.78666666666665,71.13253012048193,15.299999999999999,121.69230769230768,11.0,131.80180180180182,121.82857142857144,6.0,7.0,2.0,26.0,128.9763779527559,6.3,67.91044776119405,69.9718309859155,57.8867924528302,55.85999999999999,644.1556291390727,61.0,359.67987804878055,56.0,23.0,46.90909090909091,45.99999999999999,7.0,461.0322580645161,69.05405405405405,15.0,26.923076923076923,520.5333333333334,15.0,1247.3421256788208,730.8196721311476,249.13409961685824,290.7692307692307,109.94285714285715,107.96296296296296,22.0,146.93525179856115,115.84070796460176,5.0,41.0,0.0
Remaining Business Services,131.8846153846154,0.0,4.0,0.0,2.0,1.0,46.958333333333336,7.000000000000001,2.0,3.0,5.0,11.0,4.0,2.0,59.0,3.0,7.0,6.0,8.88888888888889,14.0,24.0,17.0,19.894736842105264,4.0,4.0,1.0,6.0,2.0,25.92,13.0,5.0,22.0,9.0,34.0,40.0,238.58181818181816,86.92682926829268,22.0,4.0,16.0,10.0,9.0,29.93103448275862,40.92307692307693,23.999999999999996,27.0,11.0,95.0,314.6666666666667,78.7878787878788,67.04761904761905,63.00000000000001,54.849056603773576,0.0,65.96923076923076,25.92,327.64590163934423,14.0,3.0,102.00000000000001,51.0,1.0,169.86754966887418,32.0,31.968750000000004,4.0,21.0,111.68604651162792,159.97452229299367,40.0,13.0,41.8974358974359,25.0,4.0,6.0,4.0,27.92592592592592,25.0,8.0,0.0
Public Governance and Government Services,92.01063829787235,0.0,4.0,8.0,3.0,4.0,143.06666666666666,20.0,1.0,17.0,13.0,51.130434782608695,13.0,9.0,115.76842105263157,12.0,23.958333333333336,13.0,49.76470588235295,52.0,19.904761904761905,29.09090909090909,51.0,19.0,14.0,11.0,17.0,14.0,245.00000000000003,8.0,130.72868217054264,67.98529411764706,21.0,91.95652173913044,96.0,342.15555555555557,165.97633136094672,160.12352941176468,39.0,6.0,57.0,14.0,48.0,97.01052631578946,14.933333333333334,9.0,7.0,66.0,183.98918918918918,11.0,154.0,70.93333333333334,78.0,0.0,84.0,86.0,202.0145631067961,43.97727272727273,24.0,259.0227272727273,20.0,5.0,10.0,56.0,11.0,11.0,36.0,41.0,1016.0146484375001,216.03982300884957,364.99453551912575,445.9866962305987,16.0,8.0,6.0,51.98076923076924,37.0,5.0,27.964285714285708,0.0
Education,7.0,0.0,0.0,10.0,2.0,1.0,37.0,10.0,0.0,0.0,1.0,4.0,3.0,4.0,31.0,13.0,6.0,6.0,3.0,18.0,11.0,8.0,43.87500000000001,9.0,9.0,3.0,13.000000000000002,15.0,27.0,5.0,13.0,24.0,27.0,55.0,35.0,141.0,55.03846153846153,25.0,11.0,12.0,34.0,6.0,35.0,70.83870967741936,14.0,37.973684210526315,28.0,25.999999999999996,45.09803921568627,7.0,159.05333333333337,103.0,47.00000000000001,0.0,34.0,267.96992481203006,346.0848484848484,53.15555555555555,143.86861313868613,43.97727272727273,12.0,4.0,11.0,62.0,4.0,8.0,11.0,16.0,1259.1829268292684,608.256880733945,285.88129496402877,241.0,166.95000000000002,28.999999999999996,4.0,62.95081967213115,64.01515151515152,1.0,13.999999999999998,0.0
Healthcare,7.0,0.0,0.0,3.0,0.0,1.0,8.0,1.0,0.0,0.0,0.0,3.0,2.0,7.0,7.0,0.0,4.0,5.0,2.0,12.0,6.0,2.0,10.0,1.0,1.0,1.0,2.0,4.0,5.0,0.0,2.0,11.0,5.142857142857142,18.0,20.0,77.04878048780488,33.0,21.0,0.0,1.0,10.0,3.0,5.0,9.9,2.0,1.0,1.0,4.0,25.161290322580644,1.0,16.94117647058824,7.2,7.0,0.0,8.0,11.0,14.0,16.0,5.0,7.0,0.0,0.0,0.0,31.0,10.0,2.0,3.0,6.0,988.9756838905776,46.0,2190.6295620437963,556.7580340264651,2.0,1.0,0.0,7.0,9.0,7.0,4.0,0.0
Caretaking and Wellbeing,0.0,0.0,0.0,0.0,0.0,0.0,0.0,0.0,0.0,0.0,0.0,0.0,0.0,0.0,0.0,0.0,0.0,0.0,0.0,0.0,0.0,0.0,0.0,0.0,0.0,0.0,0.0,0.0,0.0,0.0,0.0,0.0,0.0,0.0,0.0,2.0,0.0,0.0,0.0,0.0,3.0,0.0,0.0,0.0,0.0,0.0,0.0,0.0,1.0,0.0,0.0,0.0,0.0,0.0,0.0,0.0,4.0,0.0,0.0,0.0,0.0,0.0,0.0,4.0,0.0,0.0,0.0,0.0,205.0,3.0,143.97887323943664,336.88023952095807,0.0,0.0,0.0,0.0,0.0,0.0,0.0,0.0
"Creative Services, Art and Amusement",2.0,0.0,0.0,2.0,0.0,1.0,15.0,12.0,0.0,2.0,2.0,1.0,3.0,3.0,7.0,1.0,3.0,4.0,4.0,5.0,9.0,3.0,5.0,3.0,4.0,2.0,6.0,5.0,6.0,0.0,2.0,6.0,5.0,13.0,11.0,47.00000000000001,52.92,10.0,4.0,0.0,6.0,1.0,31.821428571428573,79.93421052631578,29.999999999999996,166.0578034682081,103.15789473684211,13.0,39.0,2.0,19.0,19.0,8.0,0.0,18.0,13.0,89.0,11.0,7.0,39.0,22.880000000000003,0.0,210.9219512195122,25.0,29.999999999999996,3.0,6.0,3.0,48.0,15.0,14.0,5.0,784.1131840796022,43.022222222222226,19.0,25.0,34.0,1.0,2.0,0.0
"Libraries, Archives, Museums",0.0,0.0,0.0,0.0,0.0,0.0,0.0,0.0,0.0,0.0,0.0,0.0,0.0,0.0,0.0,0.0,0.0,0.0,0.0,0.0,1.0,0.0,1.0,0.0,0.0,0.0,0.0,0.0,0.0,0.0,0.0,0.0,0.0,0.0,0.0,5.0,3.0,0.0,0.0,0.0,0.0,0.0,0.0,7.0,12.0,8.0,6.0,1.0,3.0,0.0,3.0,2.0,0.0,0.0,2.0,0.0,4.0,3.0,0.0,2.0,14.0,0.0,20.0,1.0,25.0,0.0,0.0,0.0,2.0,64.0,0.0,8.0,32.0,104.03669724770641,0.0,14.0,6.0,0.0,0.0,0.0
Lotteries and Other Chance Games,0.0,0.0,0.0,0.0,0.0,0.0,0.0,0.0,0.0,0.0,0.0,0.0,0.0,0.0,0.0,0.0,0.0,0.0,0.0,0.0,0.0,0.0,0.0,0.0,0.0,0.0,0.0,0.0,0.0,0.0,0.0,0.0,0.0,0.0,0.0,0.0,0.0,0.0,0.0,0.0,0.0,0.0,0.0,0.0,0.0,0.0,0.0,0.0,0.0,0.0,0.0,0.0,0.0,0.0,0.0,0.0,0.0,0.0,0.0,0.0,0.0,0.0,0.0,0.0,0.0,0.0,0.0,0.0,0.0,0.0,0.0,0.0,0.0,0.0,18.0,0.0,0.0,0.0,0.0,0.0
Sport and Recreation,1.0,0.0,0.0,2.0,1.0,0.0,24.0,5.0,1.0,2.0,1.0,2.0,3.0,1.0,10.0,2.0,5.0,2.0,8.166666666666666,4.0,7.0,5.0,9.0,3.0,4.0,2.0,2.0,5.0,5.0,1.0,19.0,10.0,5.0,15.0,20.0,70.00000000000001,46.95652173913044,7.0,2.0,6.0,10.0,4.0,6.0,15.0,10.90909090909091,38.0,19.0,14.0,12.0,8.0,24.959999999999997,23.0,11.818181818181817,0.0,18.0,18.0,32.0,8.0,9.0,57.04918032786886,8.0,1.0,12.0,20.0,45.0,2.0,7.0,14.0,173.0828729281768,67.0,4.0,15.076923076923077,10.0,9.0,73.91780821917808,684.9422222222222,10.0,0.0,13.000000000000002,0.0
Idealistic and Hobby Associations ,61.93220338983052,0.0,1.0,2.0,0.0,2.0,36.0,7.0,1.0,4.0,4.0,7.0,2.0,2.0,38.0,2.0,9.0,5.0,7.0,14.0,4.0,4.0,10.0,8.0,14.0,8.0,17.0,8.0,9.0,2.0,25.0,18.0,13.928571428571429,38.0,26.0,87.0,48.0,24.0,10.0,1.0,15.0,0.0,22.0,45.0,11.0,9.0,6.0,12.0,131.87301587301587,12.0,51.92307692307691,36.0,34.0,0.0,78.97435897435898,46.0,58.67857142857142,26.0,8.0,22.0,17.0,2.0,13.0,14.0,11.0,3.0,25.0,8.0,106.01834862385321,38.0,250.90243902439025,93.0,4.0,10.0,1.0,23.0,86.98850574712642,3.0,8.0,0.0
Repairing of Consumer Articles,2.0,0.0,0.0,2.0,0.0,0.0,4.8,0.0,0.0,0.0,1.0,0.0,1.0,3.0,11.11111111111111,1.0,2.0,2.0,2.0,2.0,2.0,0.0,3.0,0.0,4.0,1.0,0.0,0.0,2.0,3.0,1.0,5.0,3.0,9.0,2.0,11.0,16.0,4.0,4.166666666666667,16.0,5.0,1.0,3.0,3.0,2.0,0.0,0.0,11.0,37.2,17.0,15.0,9.0,3.0,0.0,65.0,7.0,34.0,22.05,0.0,15.9375,2.0,0.0,2.0,4.0,1.0,0.0,6.0,0.0,14.0,7.0,4.0,0.0,0.0,0.0,0.0,13.0,1.0,0.0,0.0,0.0
Remainder of Personal Service Provision,5.0,0.0,0.0,1.0,1.0,1.0,17.0,1.0,1.0,1.0,1.0,1.0,1.0,1.0,4.0,1.0,1.0,4.0,2.0,4.0,1.0,2.0,4.0,1.0,3.0,1.0,4.0,1.0,3.0,1.0,3.0,4.0,2.0,6.0,26.0,31.0,19.950000000000003,9.0,3.0,2.0,8.0,2.0,84.67999999999998,75.80281690140846,1.0,11.916666666666666,5.0,1.0,6.0,1.0,2.0,12.0,5.0,0.0,6.0,6.0,12.0,6.0,2.0,4.0,6.0,20.0,0.0,18.05,0.0,6.0,22.0,5.0,64.16666666666667,16.0,132.95454545454547,177.9775280898876,24.0,7.0,2.0,27.0,6.0,0.0,256.97338403041823,0.0
Households with personnel,0.0,0.0,0.0,0.0,0.0,0.0,0.0,0.0,0.0,0.0,0.0,0.0,0.0,0.0,0.0,0.0,0.0,0.0,0.0,0.0,0.0,0.0,0.0,0.0,0.0,0.0,0.0,0.0,0.0,0.0,0.0,0.0,0.0,0.0,0.0,0.0,0.0,0.0,0.0,0.0,0.0,0.0,0.0,0.0,0.0,0.0,0.0,0.0,0.0,0.0,0.0,0.0,0.0,0.0,0.0,0.0,0.0,0.0,0.0,0.0,0.0,0.0,0.0,0.0,0.0,0.0,0.0,0.0,0.0,0.0,0.0,0.0,0.0,0.0,0.0,0.0,0.0,0.0,0.0,0.0
